time,army_x,army_y
0.0,100000.0,10000.0
0.001,99979.01520803205,9969.005698272354
0.002,99958.06082405991,9938.020786380397
0.003,99937.13683598902,9907.045254264061
0.004,99916.24323173532,9876.079091867914
0.005,99895.37999922525,9845.12228914115
0.006,99874.54712639569,9814.174836037559
0.007,99853.74460119389,9783.236722515487
0.008,99832.97241157788,9752.307938538073
0.009,99812.23054551613,9721.388474073066
0.01,99791.51899098753,9690.478319092794
0.011,99770.83773598145,9659.577463574173
0.012,99750.18676849762,9628.685897498708
0.013,99729.56607654624,9597.80361085249
0.014,99708.97564814797,9566.930593626194
0.015,99688.41547133386,9536.066835815082
0.016,99667.88553414542,9505.212327419007
0.017,99647.38582463456,9474.3670584424
0.018,99626.91633086366,9443.53101889429
0.019,99606.4770409055,9412.704198788279
0.02,99586.06794284334,9381.886588142566
0.021,99565.68902477078,9351.078176979927
0.022,99545.34027479196,9320.27895532774
0.023,99525.0216810214,9289.488913217945
0.024,99504.7332315836,9258.708040686803
0.025,99484.47491461346,9227.936327775104
0.026,99464.24671825688,9197.173764528621
0.027,99444.0486306701,9166.420340997636
0.028,99423.88064001968,9135.67604723694
0.029,99403.74273448245,9104.940873305835
0.03,99383.6349022456,9074.214809268133
0.031,99363.55713150663,9043.497845192149
0.032,99343.50941047336,9012.789971150713
0.033,99323.4917273639,8982.09117722116
0.034,99303.5040704067,8951.401453485338
0.035,99283.54642784053,8920.720790029602
0.036,99263.61878791444,8890.049176944814
0.037,99243.72113888785,8859.386604326348
0.038,99223.85346903047,8828.733062274086
0.039,99204.0157666223,8798.08854089242
0.04,99184.20801995372,8767.45303029025
0.041,99164.43021732534,8736.826520580982
0.042,99144.68234704819,8706.209001882535
0.043,99124.96439744352,8675.600464317333
0.044,99105.27635684295,8645.000898012317
0.045,99085.61821358843,8614.410293098934
0.046,99065.98995603216,8583.828639713132
0.047,99046.39157253673,8553.25592799537
0.048,99026.82305147499,8522.692148090631
0.049,99007.28438122968,8492.137290148066
0.05,98987.77555019304,8461.591344320834
0.051,98968.29654676886,8431.05430076742
0.052,98948.84735937126,8400.526149650788
0.053,98929.42797642444,8370.006881138308
0.054,98910.03838636285,8339.496485401767
0.055,98890.67857763106,8308.994952617362
0.056,98871.34853868381,8278.502272965708
0.057,98852.04825798608,8248.018436631823
0.058,98832.77772401297,8217.543433805147
0.059,98813.53692524972,8187.077254679524
0.06,98794.32585019182,8156.61988945322
0.061,98775.14448734488,8126.171328328901
0.062,98755.99282522469,8095.731561513657
0.063,98736.87085235723,8065.300579218986
0.064,98717.77855727864,8034.878371660795
0.065,98698.71592853524,8004.464929059413
0.066,98679.68295468349,7974.06024163957
0.067,98660.67962429009,7943.6642996304145
0.068,98641.70592593183,7913.277093265506
0.069,98622.76184819575,7882.898612782822
0.07,98603.84737967899,7852.528848424742
0.071,98584.96250898895,7822.167790438069
0.072,98566.10722474309,7791.815429074002
0.073,98547.28151556915,7761.4717545881695
0.074,98528.48537010499,7731.136757240613
0.075,98509.71877699862,7700.810427295776
0.076,98490.9817249083,7670.49275502252
0.077,98472.27420250236,7640.183730694103
0.078,98453.59619845921,7609.883344588105
0.079,98434.94770146538,7579.591586985133
0.08,98416.32870021927,7549.308448171362
0.081,98397.73918343,7519.033918437756
0.082,98379.17913981674,7488.767988079583
0.083,98360.64855810865,7458.510647396408
0.084,98342.14742704487,7428.261886692097
0.085,98323.67573537458,7398.021696274815
0.086,98305.23347185693,7367.79006645703
0.087,98286.82062526113,7337.566987555505
0.088,98268.43718436632,7307.3524498913075
0.089,98250.08313796173,7277.146443789801
0.09,98231.75847484653,7246.948959580654
0.091,98213.46318382992,7216.759987597831
0.092,98195.19725373112,7186.579518179597
0.093,98176.96067337932,7156.407541668516
0.094,98158.75343161375,7126.244048411456
0.095,98140.57551728362,7096.08902875958
0.096,98122.42691924817,7065.942473068359
0.097,98104.30762637663,7035.804371697548
0.098,98086.21762754823,7005.674715011223
0.099,98068.15691165223,6975.553493377742
0.1,98050.12546758787,6945.440697169772
0.101,98032.12328426441,6915.33631676428
0.102,98014.1503506011,6885.24034254253
0.103,97996.20665552722,6855.152764890083
0.104,97978.29218798205,6825.07357419681
0.105,97960.40693691485,6795.002760856871
0.106,97942.5508912849,6764.94031526873
0.107,97924.72404006153,6734.886227835157
0.108,97906.92637222398,6704.840488963216
0.109,97889.1578767616,6674.803089064274
0.11,97871.41854267368,6644.774018553985
0.111,97853.70835896951,6614.7532678523285
0.112,97836.02731466845,6584.740827383549
0.113,97818.37539879975,6554.736687576203
0.114,97800.75260040002,6524.740838861298
0.115,97783.15890851711,6494.753271674977
0.116,97765.59431221044,6464.773976458758
0.117,97748.05880054922,6434.802943658327
0.118,97730.55236261255,6404.840163723547
0.119,97713.07498748928,6374.885627108454
0.12,97695.62666427811,6344.939324271254
0.121,97678.20738208758,6315.001245674329
0.122,97660.81713003598,6285.0713817842325
0.123,97643.45589725151,6255.149723071693
0.124,97626.12367287211,6225.23626001161
0.125,97608.82044604557,6195.330983083056
0.126,97591.54620592952,6165.433882769278
0.127,97574.30094169137,6135.544949557696
0.128,97557.08464250837,6105.664173939902
0.129,97539.8972975676,6075.791546411662
0.13,97522.73889606593,6045.927057472913
0.131,97505.60942721005,6016.070697627768
0.132,97488.5088802165,5986.2224573845115
0.133,97471.43724431162,5956.382327255601
0.134,97454.39450873157,5926.550297757667
0.135,97437.3806627223,5896.726359411513
0.136,97420.39569553964,5866.9105027421165
0.137,97403.4395964492,5837.102718278631
0.138,97386.5123547264,5807.302996554372
0.139,97369.61395965649,5777.511328106839
0.14,97352.74440053456,5747.727703477701
0.141,97335.90366666549,5717.952113212807
0.142,97319.09174736399,5688.184547862162
0.143,97302.30863195458,5658.424997979961
0.144,97285.55430977161,5628.673454124559
0.145,97268.82877015926,5598.929906858501
0.146,97252.13200247151,5569.194346748484
0.147,97235.46399607213,5539.466764365387
0.148,97218.82474033478,5509.747150284276
0.149,97202.21422464287,5480.035495084365
0.15,97185.63243838969,5450.331789349064
0.151,97169.07937097829,5420.636023665933
0.152,97152.55501182158,5390.948188626733
0.153,97136.05935033986,5361.268274825719
0.154,97119.59237596244,5331.596272860789
0.155,97103.1540781318,5301.932173336293
0.156,97086.74444630009,5272.275966860631
0.157,97070.36346992903,5242.627644046242
0.158,97054.01113849,5212.987195509599
0.159,97037.68744146395,5183.354611871211
0.16,97021.39236834149,5153.729883755624
0.161,97005.12590862284,5124.113001791417
0.162,96988.88805181783,5094.503956611208
0.163,96972.67878744593,5064.902738851648
0.164,96956.49810503617,5035.309339153425
0.165,96940.34599412726,5005.723748161263
0.166,96924.2224442675,4976.145956523921
0.167,96908.12744501482,4946.575954894192
0.168,96892.06098593675,4917.013733928911
0.169,96876.02305661044,4887.4592842889415
0.17,96860.0136466227,4857.912596639186
0.171,96844.03274556989,4828.373661648582
0.172,96828.08034305803,4798.842469990104
0.173,96812.15642870274,4769.319012340759
0.174,96796.2609921293,4739.803279381596
0.175,96780.39402297256,4710.2952617976935
0.176,96764.55551087698,4680.794950278165
0.177,96748.7454454967,4651.302335516165
0.178,96732.96381649542,4621.817408208888
0.179,96717.21061354647,4592.340159057543
0.18,96701.48582633284,4562.8705787674035
0.181,96685.78944454706,4533.408658047757
0.182,96670.12145789134,4503.954387611938
0.183,96654.48185607749,4474.5077581773085
0.184,96638.87062882695,4445.068760465273
0.185,96623.28776587073,4415.637385201266
0.186,96607.73325694953,4386.2136231147715
0.187,96592.20709181362,4356.797464939284
0.188,96576.7092602229,4327.3889014123615
0.189,96561.23975194688,4297.987923275582
0.19,96545.79855676468,4268.594521274552
0.191,96530.3856644651,4239.208686158932
0.192,96515.00106484647,4209.830408682422
0.193,96499.64474771678,4180.45967960272
0.194,96484.31670289366,4151.0964896815985
0.195,96469.01692020433,4121.740829684863
0.196,96453.74538948332,4092.3926903807314
0.197,96438.50210057272,4063.0520625400695
0.198,96423.28704332864,4033.7189369407884
0.199,96408.10020761674,4004.3933043647803
0.2,96392.94158331203,3975.0751555978295
0.201,96377.81116029898,3945.76448142961
0.202,96362.70892847147,3916.4612726536893
0.203,96347.63487773277,3887.1655200675236
0.204,96332.58899799555,3857.877214472463
0.205,96317.57127918191,3828.596346673746
0.206,96302.58171122333,3799.322907480504
0.207,96287.62028406074,3770.05688770576
0.208,96272.68698764445,3740.7982781664273
0.209,96257.78181193418,3711.547069683309
0.21,96242.90474689908,3682.3032530811042
0.211,96228.05578251765,3653.066819188398
0.212,96213.23490877789,3623.837758837669
0.213,96198.44211567711,3594.6160628652888
0.214,96183.67739322213,3565.4017221115155
0.215,96168.94073142907,3536.194727420504
0.216,96154.23212032356,3506.9950696402957
0.217,96139.55154994056,3477.8027396228263
0.218,96124.8990103245,3448.6177282239214
0.219,96110.27449152917,3419.4400263032994
0.22,96095.67798361779,3390.269624724563
0.221,96081.109476663,3361.10651435522
0.222,96066.56896074682,3331.950686066653
0.223,96052.05642596069,3302.802130734152
0.224,96037.57186240549,3273.6608392368867
0.225,96023.11526019145,3244.5268024579163
0.226,96008.68660943826,3215.4000112842086
0.227,95994.28590027499,3186.2804566066
0.228,95979.91312284012,3157.168129319827
0.229,95965.56826728157,3128.063020322533
0.23,95951.25132375662,3098.9651205172236
0.231,95936.96228243197,3069.874420810313
0.232,95922.70113348377,3040.790912112123
0.233,95908.46786709754,3011.7145853368183
0.234,95894.26247346822,2982.6454314025
0.235,95880.08494280015,2953.583441231143
0.236,95865.9352653071,2924.528605748629
0.237,95851.81343121218,2895.480915884681
0.238,95837.71943074804,2866.440362572985
0.239,95823.65325415661,2837.406936751073
0.24,95809.6148916893,2808.38062936038
0.241,95795.60433360678,2779.3614313461308
0.242,95781.62157017442,2750.3493336541887
0.243,95767.6665916694,2721.3443272359427
0.244,95753.7393883808,2692.346403048422
0.245,95739.83995060688,2663.3555520524005
0.246,95725.96826865512,2634.371765212396
0.247,95712.12433284221,2605.395033496669
0.248,95698.30813349398,2576.4253478772243
0.249,95684.51966094552,2547.462699329811
0.25,95670.75890554108,2518.5070788339212
0.251,95657.02585763411,2489.558477372791
0.252,95643.32050758728,2460.6168859333998
0.253,95629.64284577244,2431.682295506471
0.254,95615.99286257062,2402.754697086473
0.255,95602.37054837207,2373.8340816716145
0.256,95588.77589357624,2344.920440263853
0.257,95575.20888859176,2316.013763868885
0.258,95561.66952383646,2287.1140434961517
0.259,95548.1577897374,2258.2212701588423
0.26,95534.67367673076,2229.3354348738826
0.261,95521.217175262,2200.4565286619477
0.262,95507.78827578574,2171.584542547455
0.263,95494.38696876579,2142.7194675585665
0.264,95481.01324467517,2113.8612947271818
0.265,95467.66709399607,2085.0100150889525
0.266,95454.34850721994,2056.165619683271
0.267,95441.05747484736,2027.3280995532728
0.268,95427.79398738813,1998.497445745837
0.269,95414.55803536126,1969.6736493115827
0.27,95401.34960929495,1940.8567013048817
0.271,95388.16869972658,1912.0465927838472
0.272,95375.01529720274,1883.243314810321
0.273,95361.88939227923,1854.4468584499177
0.274,95348.79097552103,1825.6572147719671
0.275,95335.72003750231,1796.8743748495585
0.276,95322.67656880645,1768.0983297595205
0.277,95309.66056002604,1739.3290705824281
0.278,95296.67200176282,1710.566588402594
0.279,95283.7108846278,1681.810874308082
0.28,95270.77719924111,1653.0619193906919
0.281,95257.87093623212,1624.319714745977
0.282,95244.9920862394,1595.5842514732276
0.283,95232.14063991069,1566.855520675473
0.284,95219.31658790295,1538.1335134595033
0.285,95206.51992088233,1509.4182209358298
0.286,95193.75062952418,1480.7096342187233
0.287,95181.00870451303,1452.0077444262108
0.288,95168.29413654261,1423.3125426800013
0.289,95155.60691631267,1394.624020103366
0.29,95142.94703453108,1365.942167822531
0.291,95130.31448191918,1337.266976970489
0.292,95117.70924920736,1308.598438683851
0.293,95105.13132713496,1279.936544102826
0.294,95092.58070645035,1251.2812843712197
0.295,95080.05737791085,1222.6326506364358
0.296,95067.56133228278,1193.9906340494745
0.297,95055.0925603415,1165.3552257649342
0.298,95042.65105287124,1136.726416941011
0.299,95030.23680066536,1108.1041987394972
0.3,95017.8497945261,1079.4885623257837
0.301,95005.49002526475,1050.8794988688583
0.302,94993.15748370157,1022.2769995413063
0.303,94980.85216066579,993.681055519309
0.304,94968.57404699567,965.0916579826486
0.305,94956.32313353843,936.5087981147012
0.306,94944.09941115028,907.9324671024407
0.307,94931.90287069643,879.3626561364415
0.308,94919.73350305109,850.7993564108733
0.309,94907.5912990974,822.242559123501
0.31,94895.47624972758,793.6922554756899
0.311,94883.38834584276,765.1484366724015
0.312,94871.3275783531,736.6110939221962
0.313,94859.29393817774,708.0802184372296
0.314,94847.28741624481,679.5558014332593
0.315,94835.30800349142,651.0378341296317
0.316,94823.35569086368,622.5263077492968
0.317,94811.43046931668,594.0212135187984
0.318,94799.53232981451,565.5225426682921
0.319,94787.66126333024,537.0302864315044
0.32,94775.81726084593,508.5444360457832
0.321,94764.00031335263,480.0649827520556
0.322,94752.21041185039,451.5919177948658
0.323,94740.44754734823,423.1252324223374
0.324,94728.71171086418,394.6649178862049
0.325,94717.00289342523,366.21096544178386
0.326,94705.32108606737,337.7633663479953
0.327,94693.66627983561,309.322111867378
0.328,94682.03846578392,280.8871932660327
0.329,94670.43763497524,252.45860181369085
0.33,94658.86377848154,224.03632878363533
0.331,94647.31688738377,195.62036545281376
0.332,94635.79695277184,167.21070310171058
0.333,94624.30396574466,138.8073330144216
0.334,94612.83791741017,110.41024647868062
0.335,94601.39879888526,82.01943478575777
0.336,94589.98660129534,53.63488923023959
0.337,94578.60131577314,25.25660110901663
0.3378901826053198,94568.48896668036,6.110667527536862e-13
0.3378901826053198,94568.48896668036,6.110667527536862e-13
