time,informed
0.0,6.0
0.01,12.167727749467039
0.02,18.286439036647714
0.03,24.356501122688204
0.04,30.37827888024291
0.05,36.35213480296863
0.06,42.278429015077606
0.07,48.157519280934494
0.08,53.9897610148972
0.09,59.775507290854726
0.1,65.51510885222575
0.11,71.20891412186636
0.12,76.85726921172505
0.13,82.46051793339079
0.14,88.01900180739574
0.15,93.5330600741521
0.16,99.00302970335282
0.17,104.42924540458746
0.18,109.81203963780139
0.19,115.1517426224666
0.2,120.4486823499133
0.21,125.7031845910613
0.22,130.91557290948572
0.23,136.0861686700951
0.24,141.21529104949235
0.25,146.30325704858447
0.26,151.3503814997858
0.27,156.35697708054212
0.28,161.32335432303475
0.29,166.24982162262455
0.3,171.13668525246976
0.31,175.98424937123582
0.32,180.7928160331197
0.33,185.56268520238228
0.34,190.2941547600855
0.35,194.98752051539458
0.36,199.64307621961433
0.37,204.26111357267604
0.38,208.8419222349016
0.39,213.38578984104282
0.4,217.89300200666784
0.41,222.3638423395972
0.42,226.79859245464218
0.43,231.19753197992856
0.44,235.56093856729606
0.45,239.88908790823947
0.46,244.1822537402692
0.47,248.4407078561041
0.48,252.6647201202785
0.49,256.8545584763159
0.5,261.0104889550042
0.51,265.13277568976133
0.52,269.22168092676856
0.53,273.2774650318583
0.54,277.3003865031534
0.55,281.2907019855092
0.56,285.24866627629854
0.57,289.17453233484764
0.58,293.06855129972877
0.59,296.93097249520497
0.6,300.7620434393839
0.61,304.56200985837467
0.62,308.3311156986994
0.63,312.06960313325266
0.64,315.77771257090785
0.65,319.45568267409067
0.66,323.1037503644617
0.67,326.7221508311837
0.68,330.31111754430646
0.69,333.8708822682866
0.7,337.40167506711225
0.71,340.9037243133787
0.72,344.37725670531665
0.73,347.82249727429854
0.74,351.23966939208043
0.75,354.6289947811534
0.76,357.99069353183967
0.77,361.32498410649623
0.78,364.63208334825987
0.79,367.912206493923
0.8,371.16556718777366
0.81,374.3923774856965
0.82,377.5928478643346
0.83,380.76718723624447
0.84,383.9156029600056
0.85,387.0383008457099
0.86,390.1354851635068
0.87,393.207358660767
0.88,396.25412256901143
0.89,399.2759766106713
0.9,402.2731190074677
0.91,405.2457464982444
0.92,408.194054344021
0.93,411.1182363354981
0.94,414.0184848015062
0.95,416.8949906267804
0.96,419.7479432560902
0.97,422.5775307020827
0.98,425.3839395536167
0.99,428.16735499341945
1.0,430.9279608018461
1.01,433.6659393647361
1.02,436.3814716813566
1.03,439.07473738205755
1.04,441.7459147321158
1.05,444.3951806392495
1.06,447.0227106610264
1.07,449.6286790224465
1.08,452.2132586204855
1.09,454.77662103071725
1.1,457.3189365145052
1.11,459.8403740358078
1.12,462.34110126746367
1.13,464.82128459599545
1.14,467.28108912978297
1.15,469.72067871325766
1.16,472.1402159363554
1.17,474.53986213733856
1.18,476.91977741188646
1.19,479.2801206238892
1.2,481.62104941863157
1.21,483.9427202243884
1.22,486.2452882615078
1.23,488.5289075499526
1.24,490.7937309256077
1.25,493.0399100422711
1.26,495.2675953792196
1.27,497.4769362471354
1.28,499.66808080470537
1.29,501.84117606390316
1.3,503.9963678936869
1.31,506.13380102846406
1.32,508.2536190790385
1.33,510.35596454438655
1.34,512.4409788127899
1.35,514.5088021708357
1.36,516.5595738093796
1.37,518.5934318399388
1.38,520.6105132970252
1.39,522.6109541436454
1.4,524.5948892780561
1.41,526.5624525467102
1.42,528.5137767531803
1.43,530.4489936593976
1.44,532.3682339947442
1.45,534.2716274616904
1.46,536.1593027515953
1.47,538.0313875465596
1.48,539.8880085245149
1.49,541.7292913660201
1.5,543.5553607658118
1.51,545.3663404424221
1.52,547.1623531388533
1.53,548.9435206313382
1.54,550.7099637334373
1.55,552.4618023119841
1.56,554.199155290158
1.57,555.9221406502799
1.58,557.6308754422269
1.59,559.3254757904218
1.6,561.0060569070376
1.61,562.6727330925453
1.62,564.325617741918
1.63,565.9648233496063
1.64,567.5904615218388
1.65,569.2026429845016
1.66,570.8014775835794
1.67,572.3870742936043
1.68,573.959541220611
1.69,575.518985617302
1.7,577.0655138867927
1.71,578.5992315839852
1.72,580.1202434243617
1.73,581.6286532875127
1.74,583.1245642318927
1.75,584.6080784965069
1.76,586.0792975033844
1.77,587.5383218657454
1.78,588.9852513928978
1.79,590.4201851034945
1.8,591.8432212262503
1.81,593.2544572034011
1.82,594.6539896978833
1.83,596.0419145995536
1.84,597.4183270369057
1.85,598.7833213773674
1.86,600.1369912314053
1.87,601.4794294588453
1.88,602.8107281758773
1.89,604.1309787657095
1.9,605.4402718787112
1.91,606.738697436666
1.92,608.0263446387223
1.93,609.3033019683334
1.94,610.5696572035745
1.95,611.8254974172569
1.96,613.0709089808008
1.97,614.3059775704252
1.98,615.5307881730879
1.99,616.7454250972206
2.0,617.9499719729085
2.01,619.1445117549423
2.02,620.329126729727
2.03,621.5038985194418
2.04,622.6689080937665
2.05,623.8242357702916
2.06,624.9699612164976
2.07,626.1061634574999
2.08,627.2329208780835
2.09,628.3503112355448
2.1,629.4584116606848
2.11,630.5572986587201
2.12,631.6470481174281
2.13,632.727735307499
2.14,633.7994348957719
2.15,634.8622209475208
2.16,635.9161669266036
2.17,636.9613457027435
2.18,637.99782955212
2.19,639.0256901686863
2.2,640.0449986690962
2.21,641.0558255927034
2.22,642.0582409057205
2.23,643.05231400597
2.24,644.03811372793
2.25,645.0157083522806
2.26,645.9851656060047
2.27,646.9465526637997
2.28,647.8999361556855
2.29,648.8453821670581
2.3,649.7829562511095
2.31,650.7127234302749
2.32,651.6347481962968
2.33,652.5490945168641
2.34,653.4558258361196
2.35,654.355005084193
2.36,655.2466946827408
2.37,656.1309565449467
2.38,657.0078520777117
2.39,657.8774421882662
2.4,658.7397872848828
2.41,659.5949472882597
2.42,660.4429816322512
2.43,661.2839492639529
2.44,662.1179086503297
2.45,662.9449177781072
2.46,663.765034163006
2.47,664.5783148548845
2.48,665.3848164377378
2.49,666.1845950312522
2.5,666.9777062977273
2.51,667.764205441341
2.52,668.5441472195675
2.53,669.3175859443558
2.54,670.0845754821295
2.55,670.8451692581779
2.56,671.5994202595879
2.57,672.3473810394934
2.58,673.0891037251671
2.59,673.8246400180569
2.6,674.554041194041
2.61,675.2773581103214
2.62,675.9946412038985
2.63,676.7059405012552
2.64,677.411305622122
2.65,678.110785779476
2.66,678.8044297806434
2.67,679.4922860341403
2.68,680.174402547778
2.69,680.8508269394675
2.7,681.5216064388172
2.71,682.1867878871328
2.72,682.8464177395489
2.73,683.5005420706323
2.74,684.1492065737585
2.75,684.7924565712115
2.76,685.4303370148092
2.77,686.0628924859044
2.78,686.6901671983932
2.79,687.3122050028655
2.8,687.9290493874491
2.81,688.5407434868005
2.82,689.147330082343
2.83,689.7488516022675
2.84,690.3453501250198
2.85,690.9368673824574
2.86,691.5234447615271
2.87,692.1051233124659
2.88,692.6819437489166
2.89,693.2539464479272
2.9,693.8211714533903
2.91,694.3836584790431
2.92,694.9414469099289
2.93,695.4945758104377
2.94,696.0430839244187
2.95,696.5870096751803
2.96,697.1263911683693
2.97,697.6612661956663
2.98,698.191672234994
2.99,698.717646458987
3.0,699.2392257352184
3.01,699.7564466262
3.02,700.2693453913457
3.03,700.7779579918656
3.04,701.2823200891401
3.05,701.7824670538151
3.06,702.2784339663915
3.07,702.7702556172246
3.08,703.2579665074741
3.09,703.7416008550401
3.1,704.2211925914515
3.11,704.6967753709639
3.12,705.1683825720514
3.13,705.6360472974067
3.14,706.0998023741141
3.15,706.559680359465
3.16,707.0157135383444
3.17,707.4679339302012
3.18,707.916373292526
3.19,708.36106312085
3.2,708.8020346487452
3.21,709.2393188511087
3.22,709.6729464462454
3.23,710.1029478966037
3.24,710.5293534158836
3.25,710.9521929691194
3.26,711.3714962726795
3.27,711.7872927951773
3.28,712.199611762997
3.29,712.6084821568322
3.3,713.0139327200891
3.31,713.4159919602833
3.32,713.814688149041
3.33,714.2100493220975
3.34,714.6021032834834
3.35,714.9908776053793
3.36,715.3763996308471
3.37,715.7586964793281
3.38,716.1377950466436
3.39,716.5137220049946
3.4,716.8865038037673
3.41,717.2561666748614
3.42,717.6227366289938
3.43,717.9862394635874
3.44,718.3467007642215
3.45,718.7041459046322
3.46,719.058600046712
3.47,719.410088143253
3.48,719.7586349401157
3.49,720.104264975652
3.5,720.4470025875326
3.51,720.78687191288
3.52,721.123896888269
3.53,721.4581012497911
3.54,721.789508537919
3.55,722.118142095074
3.56,722.4440250702633
3.57,722.7671804227729
3.58,723.087630922167
3.59,723.4053991482887
3.6,723.7205074917472
3.61,724.032978159057
3.62,724.3428331687246
3.63,724.6500943580393
3.64,724.9547833849398
3.65,725.256921728013
3.66,725.5565306864952
3.67,725.8536313812297
3.68,726.148244759234
3.69,726.4403915898865
3.7,726.7300924720963
3.71,727.0173678353475
3.72,727.3022379396991
3.73,727.5847228757852
3.74,727.8648425660276
3.75,728.1426167686925
3.76,728.4180650743481
3.77,728.6912069128849
3.78,728.9620615542635
3.79,729.2306481085143
3.8,729.4969855257372
3.81,729.7610925972361
3.82,730.0229879595317
3.83,730.2826900906939
3.84,730.5402173171606
3.85,730.7955878145159
3.86,731.0488196074889
3.87,731.2999305699544
3.88,731.5489384256945
3.89,731.7958607527611
3.9,732.0407149794179
3.91,732.2835183905951
3.92,732.5242881290371
3.93,732.7630411953028
3.94,732.9997944477657
3.95,733.2345646028922
3.96,733.4673682398028
3.97,733.698221796409
3.98,733.927141574625
3.99,734.1541437424537
4.0,734.3792443339875
4.01,734.6024592494077
4.02,734.8238042549859
4.03,735.0432949866107
4.04,735.2609469484964
4.05,735.4767755147475
4.06,735.69079593345
4.07,735.9030233266718
4.08,736.1134726904628
4.09,736.3221588948547
4.1,736.5290966852843
4.11,736.734300685471
4.12,736.9377853942132
4.13,737.1395651913922
4.14,737.3396543383935
4.15,737.5380669781074
4.16,737.7348171349286
4.17,737.9299187148989
4.18,738.1233855098498
4.19,738.3152311939322
4.2,738.505469327578
4.21,738.6941133598887
4.22,738.8811766286348
4.23,739.0666723602568
4.24,739.2506136698646
4.25,739.4330135626377
4.26,739.6138849364107
4.27,739.7932405784937
4.28,739.9710931713093
4.29,740.1474552927687
4.3,740.3223394162711
4.31,740.495757910705
4.32,740.66772304045
4.33,740.8382469686653
4.34,741.0073417556073
4.35,741.1750193599795
4.36,741.341291642459
4.37,741.5061703656961
4.38,741.6696671943145
4.39,741.831793694911
4.4,741.9925613363246
4.41,742.1519814935074
4.42,742.310065443599
4.43,742.4668243701751
4.44,742.6222693649472
4.45,742.7764114277624
4.46,742.9292614666034
4.47,743.0808302975889
4.48,743.2311286456052
4.49,743.3801671477314
4.5,743.5279563491479
4.51,743.6745067080926
4.52,743.8198285967908
4.53,743.9639323014546
4.54,744.1068280222833
4.55,744.2485258734631
4.56,744.389035883966
4.57,744.528368000592
4.58,744.6665320840463
4.59,744.8035379138838
4.6,744.9393951891986
4.61,745.0741135286231
4.62,745.2077024703284
4.63,745.3401714720246
4.64,745.4715299116275
4.65,745.6017870903715
4.66,745.7309522288085
4.67,745.8590344715006
4.68,745.9860428878115
4.69,746.111986471907
4.7,746.2368741427542
4.71,746.360714744122
4.72,746.4835170449039
4.73,746.605289742514
4.74,746.7260414589321
4.75,746.8457807446173
4.76,746.9645160798157
4.77,747.0822558745604
4.78,747.1990084686717
4.79,747.3147821317566
4.8,747.4295850632311
4.81,747.5434253953373
4.82,747.6563111907537
4.83,747.768250444085
4.84,747.8792510844411
4.85,747.9893209754375
4.86,748.0984679151948
4.87,748.206699636339
4.88,748.3140238060014
4.89,748.4204480271346
4.9,748.5259798399868
4.91,748.6306267192782
4.92,748.7343960784864
4.93,748.8372952700555
4.94,748.9393315853974
4.95,749.0405122548907
4.96,749.1408444478809
4.97,749.2403352728224
4.98,749.3389917804041
4.99,749.4368209601091
5.0,749.5338297429541
5.01,749.6300250031376
5.02,749.725413558041
5.03,749.8200021682286
5.04,749.9137975374468
5.05,750.006806312625
5.06,750.0990350848398
5.07,750.1904903912273
5.08,750.2811787116642
5.09,750.3711064728473
5.1,750.4602800486351
5.11,750.5487057600486
5.12,750.6363898752704
5.13,750.7233386096451
5.14,750.8095581256796
5.15,750.8950545349702
5.16,750.9798338977901
5.17,751.0639022220481
5.18,751.1472654665502
5.19,751.2299295410168
5.2,751.3119003060839
5.21,751.3931835733022
5.22,751.4737851051373
5.23,751.5537106149797
5.24,751.632965769649
5.25,751.7115561873353
5.26,751.7894874383512
5.27,751.8667650474604
5.28,751.9433944938779
5.29,752.0193812112701
5.3,752.0947305877547
5.31,752.1694479659003
5.32,752.2435386427449
5.33,752.3170078722918
5.34,752.3898608632617
5.35,752.4621027800259
5.36,752.533738744736
5.37,752.6047738373235
5.38,752.6752130955005
5.39,752.7450615147587
5.4,752.8143240483704
5.41,752.8830056073879
5.42,752.9511110626657
5.43,753.0186452437073
5.44,753.0856129383051
5.45,753.1520188951619
5.46,753.2178678238909
5.47,753.2831643950162
5.48,753.3479132399725
5.49,753.4121189511055
5.5,753.4757860816712
5.51,753.5389191469405
5.52,753.601522625129
5.53,753.6636009548309
5.54,753.725158538343
5.55,753.7861997418133
5.56,753.8467288952426
5.57,753.906750292483
5.58,753.966268191239
5.59,754.0252868130669
5.6,754.0838103436248
5.61,754.141842935085
5.62,754.1993887027081
5.63,754.2564517274463
5.64,754.3130360568643
5.65,754.3691457051391
5.66,754.4247846530604
5.67,754.4799568480304
5.68,754.5346662040635
5.69,754.5889166017868
5.7,754.6427118897412
5.71,754.6960558845698
5.72,754.7489523691529
5.73,754.8014050955125
5.74,754.8534177848712
5.75,754.9049941276523
5.76,754.9561377834799
5.77,755.0068523811783
5.78,755.0571415187729
5.79,755.1070087635345
5.8,755.1564576542086
5.81,755.2054916984929
5.82,755.2541143741935
5.83,755.3023291307413
5.84,755.3501393891919
5.85,755.3975485422255
5.86,755.4445599541468
5.87,755.4911769608855
5.88,755.5374028699956
5.89,755.5832409608502
5.9,755.6286944868262
5.91,755.6737666721423
5.92,755.7184607140134
5.93,755.7627797835472
5.94,755.8067270257435
5.95,755.8503055594945
5.96,755.893518477585
5.97,755.9363688466921
5.98,755.9788597073851
5.99,756.0209940743345
6.0,756.0627749383939
6.01,756.104205263481
6.02,756.1452879887088
6.03,756.1860260292015
6.04,756.2264222760953
6.05,756.2664795965377
6.06,756.306200833688
6.07,756.345588806717
6.08,756.3846463108074
6.09,756.4233761172222
6.1,756.4617809753453
6.11,756.499863610083
6.12,756.5376267231369
6.13,756.5750729941982
6.14,756.6122050809478
6.15,756.6490256190564
6.16,756.6855372221842
6.17,756.7217424819809
6.18,756.7576439680862
6.19,756.7932442281292
6.2,756.8285457889882
6.21,756.8635511564122
6.22,756.8982628137335
6.23,756.9326832240992
6.24,756.96681483049
6.25,757.0006600557203
6.26,757.0342213024388
6.27,757.0675009531271
6.28,757.1005013701014
6.29,757.133224895511
6.3,757.165673851599
6.31,757.1978505424589
6.32,757.2297572510804
6.33,757.2613962414167
6.34,757.2927697589721
6.35,757.3238800308017
6.36,757.3547292655114
6.37,757.3853196532581
6.38,757.4156533657496
6.39,757.4457325562444
6.4,757.475559359552
6.41,757.5051358928586
6.42,757.534464256204
6.43,757.563546530373
6.44,757.5923847792006
6.45,757.6209810496705
6.46,757.6493373719132
6.47,757.6774557592075
6.48,757.7053382079797
6.49,757.732986697804
6.5,757.760403191402
6.51,757.7875896346436
6.52,757.8145479577032
6.53,757.8412800745738
6.54,757.8677878819356
6.55,757.8940732610866
6.56,757.9201380779563
6.57,757.9459841831043
6.58,757.9716134117214
6.59,757.997027583629
6.6,758.0222285032796
6.61,758.0472179597562
6.62,758.0719977267727
6.63,758.0965695637069
6.64,758.120935215324
6.65,758.1450964104484
6.66,758.1690548638887
6.67,758.1928122764598
6.68,758.2163703349831
6.69,758.2397307122862
6.7,758.2628950672033
6.71,758.2858650445746
6.72,758.3086422752467
6.73,758.3312283760728
6.74,758.3536249504562
6.75,758.3758335891888
6.76,758.3978558681179
6.77,758.4196933501972
6.78,758.441347585661
6.79,758.4628201120237
6.8,758.4841124540803
6.81,758.5052261239059
6.82,758.5261626208563
6.83,758.5469234315673
6.84,758.5675100299553
6.85,758.5879238772762
6.86,758.6081664236609
6.87,758.6282391059493
6.88,758.6481433485758
6.89,758.6678805644334
6.9,758.687452154874
6.91,758.7068595097079
6.92,758.7261040072043
6.93,758.7451870140909
6.94,758.7641098855541
6.95,758.782873965239
6.96,758.8014805852494
6.97,758.8199310665431
6.98,758.83822671992
6.99,758.8563688436712
7.0,758.8743587254012
7.01,758.892197642261
7.02,758.9098868609489
7.03,758.9274276377098
7.04,758.9448212183356
7.05,758.9620688381648
7.06,758.9791717220828
7.07,758.9961310845218
7.08,759.012948129461
7.09,759.0296240510111
7.1,759.0461600338728
7.11,759.0625572514243
7.12,759.0788168674966
7.13,759.0949400364706
7.14,759.1109279032773
7.15,759.1267816033982
7.16,759.1425022628647
7.17,759.1580909982583
7.18,759.1735489167111
7.19,759.1888771159048
7.2,759.2040766840719
7.21,759.2191487004317
7.22,759.2340942359151
7.23,759.2489143510808
7.24,759.263610097803
7.25,759.2781825194302
7.26,759.2926326507843
7.27,759.3069615181613
7.28,759.3211701393313
7.29,759.3352595235378
7.3,759.3492306714986
7.31,759.3630845754052
7.32,759.3768222189228
7.33,759.3904445772959
7.34,759.4039526186099
7.35,759.4173473016875
7.36,759.4306295771322
7.37,759.4438003878696
7.38,759.4568606691487
7.39,759.4698113485412
7.4,759.4826533459413
7.41,759.4953875735666
7.42,759.5080149359571
7.43,759.5205363299758
7.44,759.5329526448085
7.45,759.5452647619636
7.46,759.5574735558376
7.47,759.5695798939532
7.48,759.5815846353584
7.49,759.5934886321394
7.5,759.6052927294844
7.51,759.6169977656832
7.52,759.6286045721273
7.53,759.6401139733102
7.54,759.6515267868268
7.55,759.662843823374
7.56,759.6740658867504
7.57,759.6851937738563
7.58,759.6962282746938
7.59,759.7071701732021
7.6,759.7180202466752
7.61,759.7287792650103
7.62,759.7394479919166
7.63,759.7500271849185
7.64,759.7605175953555
7.65,759.7709199683823
7.66,759.7812350429687
7.67,759.7914635518995
7.68,759.8016062217749
7.69,759.8116637730103
7.7,759.8216369198358
7.71,759.8315263702972
7.72,759.841332826931
7.73,759.851056986533
7.74,759.8606995390867
7.75,759.8702611690272
7.76,759.8797425552565
7.77,759.889144371144
7.78,759.8984672845263
7.79,759.9077119577078
7.8,759.9168790474596
7.81,759.9259692050207
7.82,759.934983076097
7.83,759.9439213008618
7.84,759.9527845139561
7.85,759.9615733447225
7.86,759.9702884179974
7.87,759.9789303522529
7.88,759.9874997608115
7.89,759.995997252058
7.9,760.0044234294397
7.91,760.0127788914664
7.92,760.0210642317098
7.93,760.0292800388046
7.94,760.0374268964475
7.95,760.0455053833979
7.96,760.0535160734771
7.97,760.0614595355695
7.98,760.0693363336212
7.99,760.0771470272842
8.0,760.084892171602
8.01,760.0925723161058
8.02,760.1001880059212
8.03,760.1077397817778
8.04,760.1152281800098
8.05,760.1226537325556
8.06,760.1300169669577
8.07,760.1373184063629
8.08,760.1445585695224
8.09,760.1517379707915
8.1,760.1588571201299
8.11,760.1659165231017
8.12,760.1729166808749
8.13,760.1798580909367
8.14,760.186741246492
8.15,760.1935666359013
8.16,760.2003347436209
8.17,760.207046050204
8.18,760.2137010323002
8.19,760.2203001626557
8.2,760.2268439101136
8.21,760.2333327396137
8.22,760.2397671121925
8.23,760.2461474849828
8.24,760.2524743112144
8.25,760.258748040214
8.26,760.2649691174043
8.27,760.2711379846972
8.28,760.2772550807034
8.29,760.2833208394206
8.3,760.2893356913346
8.31,760.2953000634739
8.32,760.3012143794103
8.33,760.3070790592589
8.34,760.3128945196777
8.35,760.3186611738681
8.36,760.3243794315746
8.37,760.3300496990848
8.38,760.3356723792295
8.39,760.3412478713828
8.4,760.3467765714616
8.41,760.3522588719488
8.42,760.3576951627279
8.43,760.3630858298413
8.44,760.3684312557566
8.45,760.3737318198883
8.46,760.3789878985982
8.47,760.384199865195
8.48,760.3893680899346
8.49,760.3944929400199
8.5,760.3995747796009
8.51,760.404613969775
8.52,760.4096108685862
8.53,760.414565831026
8.54,760.4194792090329
8.55,760.4243513514923
8.56,760.4291826042918
8.57,760.4339733111132
8.58,760.4387238120569
8.59,760.4434344441685
8.6,760.4481055418054
8.61,760.4527374366365
8.62,760.4573304576427
8.63,760.4618849311163
8.64,760.4664011806611
8.65,760.4708795271931
8.66,760.4753202889394
8.67,760.479723781439
8.68,760.4840903175427
8.69,760.4884202074128
8.7,760.4927137585232
8.71,760.496971275661
8.72,760.5011930615864
8.73,760.5053794162595
8.74,760.5095306366479
8.75,760.5136470173592
8.76,760.5177288506403
8.77,760.5217764263788
8.78,760.5257900321014
8.79,760.5297699529754
8.8,760.5337164718073
8.81,760.5376298690443
8.82,760.5415104227727
8.83,760.5453584087192
8.84,760.5491741002501
8.85,760.5529577683718
8.86,760.5567096817306
8.87,760.5604301067249
8.88,760.5641193081219
8.89,760.5677775477213
8.9,760.5714050850577
8.91,760.5750021776003
8.92,760.578569080753
8.93,760.5821060478546
8.94,760.5856133301779
8.95,760.5890911769311
8.96,760.5925398352564
8.97,760.5959595502309
8.98,760.5993505648665
8.99,760.6027131201095
9.0,760.6060474548409
9.01,760.6093538058764
9.02,760.6126324079661
9.03,760.6158834939043
9.04,760.6191072951011
9.05,760.6223040403179
9.06,760.6254739563319
9.07,760.6286172681192
9.08,760.6317341988545
9.09,760.6348249699107
9.1,760.6378898008599
9.11,760.640928909472
9.12,760.6439425117164
9.13,760.6469308217605
9.14,760.6498940519705
9.15,760.652832412911
9.16,760.6557461133457
9.17,760.6586353602363
9.18,760.6615003587435
9.19,760.6643413122277
9.2,760.6671584228
9.21,760.6699518906573
9.22,760.6727219139118
9.23,760.6754686891094
9.24,760.6781924112305
9.25,760.6808932736901
9.26,760.6835714683372
9.27,760.6862271854552
9.28,760.6888606137619
9.29,760.6914719404094
9.3,760.694061350984
9.31,760.6966290295064
9.32,760.6991751584318
9.33,760.7016999186493
9.34,760.7042034894828
9.35,760.7066860486901
9.36,760.7091477724897
9.37,760.7115888361446
9.38,760.7140094129899
9.39,760.7164096746914
9.4,760.718789791559
9.41,760.7211499325471
9.42,760.7234902652539
9.43,760.7258109559222
9.44,760.7281121694386
9.45,760.7303940693342
9.46,760.7326568177843
9.47,760.7349005756081
9.48,760.7371255022692
9.49,760.7393317558755
9.5,760.7415194931788
9.51,760.7436888695753
9.52,760.7458400391054
9.53,760.7479731544537
9.54,760.7500883673645
9.55,760.7521858282577
9.56,760.7542656858463
9.57,760.7563280876739
9.58,760.7583731801135
9.59,760.7604011083697
9.6,760.7624120164768
9.61,760.7644060472999
9.62,760.7663833425344
9.63,760.7683440427064
9.64,760.7702882871723
9.65,760.772216214119
9.66,760.7741279605639
9.67,760.7760236623548
9.68,760.77790345417
9.69,760.7797674695183
9.7,760.781615840739
9.71,760.7834486990258
9.72,760.7852661749363
9.73,760.7870683975268
9.74,760.788855494581
9.75,760.7906275928777
9.76,760.7923848181912
9.77,760.7941272952907
9.78,760.7958551479406
9.79,760.797568498901
9.8,760.799267469927
9.81,760.8009521817688
9.82,760.8026227541723
9.83,760.8042793058779
9.84,760.8059219546221
9.85,760.8075508171363
9.86,760.8091660091468
9.87,760.8107676453758
9.88,760.8123558395401
9.89,760.8139307043525
9.9,760.8154923516836
9.91,760.8170408925
9.92,760.8185764367462
9.93,760.820099093474
9.94,760.8216089708428
9.95,760.8231061761195
9.96,760.8245908156787
9.97,760.8260629950024
9.98,760.8275228186801
9.99,760.828970390409
10.0,760.8304058129937
