time,x,velocity
0.0,0.1,1.1
0.05,0.14955051367366098,0.8832374635117962
0.1,0.18848365639965223,0.6760385952532841
0.15,0.21737995409653338,0.4823446128854715
0.2,0.23699441156880327,0.3051998881715689
0.25,0.24821278362385138,0.1467993242748782
0.3,0.25201060779719703,0.008550784049007616
0.35,0.24941565717994368,-0.10885111757275104
0.4,0.24147429405182663,-0.20534331873515782
0.45,0.22922203941132985,-0.2814078984100203
0.5,0.2136585204069228,-0.33798380336372885
0.55,0.19572682488087725,-0.3763792225397108
0.6,0.17629717595363342,-0.39818675419450456
0.65,0.156154740328005,-0.405203134143391
0.7,0.1359913063701129,-0.3993549392293555
0.75,0.11640050459552226,-0.3826313233938719
0.8,0.09787619974345609,-0.357024523974225
0.85,0.08081365362711299,-0.32447856818820736
0.9,0.06551304360716002,-0.28684634870071174
0.95,0.05218491922602929,-0.24585499331007082
1.0,0.04095718828871209,-0.20307925718235328
1.05,0.03188324158843233,-0.15992249849638795
1.1,0.0249508509144906,-0.11760466582571717
1.15,0.0200915063248864,-0.0771566269256535
1.2,0.01718989359772257,-0.039420100637226854
1.25,0.016093251184455742,-0.00505241317183089
1.3,0.016620385279816918,0.025464714189855922
1.35,0.018570161191885304,0.051813130683370255
1.4,0.021729327639229985,0.07382373377578852
1.45,0.025879567757499566,0.09146017526708541
1.5,0.03080370504259513,0.10480145729419581
1.55,0.036291023940172834,0.11402401596634001
1.6,0.042141692949481425,0.11938382015664797
1.65,0.048170302652709836,0.12119893909969003
1.7,0.05420855188626619,0.11983295730212659
1.75,0.06010713232965727,0.11567954095115274
1.8,0.06573687518815244,0.10914838835426459
1.85,0.07098923356684808,0.10065272919175099
1.9,0.07577618077930397,0.09059847500849319
1.95,0.08002960856577303,0.07937506715108539
2.0,0.08370031010786935,0.06734801802627274
2.05,0.08675663152351858,0.05485310024061215
2.1,0.08918287263735417,0.042192101859723684
2.15,0.09097751188692703,0.029630035706319183
2.2,0.09215132609679269,0.01739367414834251
2.25,0.0927254660892547,0.00567125796039224
2.3,0.09272954511499706,-0.005386773849322346
2.35,0.09219978446791227,-0.015666196256074044
2.4,0.0911772578560734,-0.025086712883882346
2.45,0.08970626372629117,-0.03359912732493668
2.5,0.08783284905342255,-0.041182120360776515
2.55,0.08560350226855447,-0.04783877092959176
2.6,0.08306402281854848,-0.05359294285037998
2.65,0.0802585732209404,-0.05848565229503245
2.7,0.07722891081983717,-0.0625715074055841
2.75,0.07401379399404046,-0.06591530401248079
2.8,0.07064855364911032,-0.06858884152932651
2.85,0.06716481683030767,-0.0706680087597372
2.9,0.06359036891293218,-0.07223017911526718
2.95,0.059949137620615406,-0.07335193549281056
3.0,0.05626128217251087,-0.07410713952719222
3.05,0.05254337051537321,-0.07456534580935763
3.1,0.04880862726745153,-0.07479055301286323
3.15,0.04506723595366203,-0.07484027773262679
3.2,0.04132667990060948,-0.0747649297288438
3.25,0.037592107439494066,-0.07460746230813754
3.3,0.03386670829521056,-0.07440326876090139
3.35,0.030152089612086562,-0.07418029324770162
3.4,0.026448641769334015,-0.07395932350593058
3.45,0.02275588580400421,-0.07375443299214171
3.5,0.019072795469594072,-0.07357353977703314
3.55,0.015398089129092553,-0.07341905194311256
3.6,0.011730487928220193,-0.07328857161367346
3.65,0.00806893778547254,-0.07317563092203598
3.7,0.004412794260425975,-0.0730704368904904
3.75,0.0007619703300244247,-0.07296060447727619
3.8,-0.0028829517190848528,-0.07283186198481667
3.85,-0.00652064279260921,-0.0726687128871873
3.9,-0.010148981018770438,-0.0724550434075577
3.95,-0.01376503523174469,-0.07217467421117241
4.0,-0.017365073498951153,-0.07181183389109293
4.05,-0.020944594282093568,-0.07135157320513302
4.1,-0.024498376458119316,-0.07078010216910685
4.15,-0.028020544041095437,-0.07008505952107402
4.2,-0.03150464305155091,-0.06925571451256654
4.25,-0.03494372673782421,-0.06828310536027439
4.3,-0.03833044628573218,-0.06716012013715661
4.35,-0.041657144228908226,-0.06588152524181369
4.4,-0.04491594810571753,-0.06444394807418151
4.45,-0.04809886224251152,-0.06284582039288367
4.5,-0.05119785586303843,-0.06108728911534736
4.55,-0.054204946060818646,-0.059170101081777296
4.6,-0.05711227449116377,-0.05709746810722537
4.65,-0.0599121769468568,-0.05487391822804904
4.7,-0.06259724526536971,-0.052505138582803444
4.75,-0.06516038127377898,-0.049997814807217794
4.8,-0.06759484270686227,-0.04735947122677436
4.85,-0.06989428123237144,-0.044598315503999356
4.9,-0.07205277288463609,-0.041723090767783744
4.95,-0.07406484134474123,-0.038742937639251
5.0,-0.07592547460722858,-0.035667267971685
5.05,-0.0776301356509434,-0.03250565152224695
5.1,-0.07917476778571363,-0.029267716352768872
5.15,-0.08055579536919258,-0.025963063238293328
5.2,-0.0817701205928831,-0.02260119397004921
5.25,-0.08281511702202547,-0.019191453101649155
5.3,-0.08368862054418155,-0.01574298240584522
5.35,-0.08438891833891218,-0.012264687086243954
5.4,-0.08491473642878254,-0.008765212621513226
5.45,-0.0852652263127543,-0.0052529310052664615
5.5,-0.08543995111935028,-0.0017359350785908713
5.55,-0.08543887165108695,0.0017779603709030247
5.6,-0.08526233262557585,0.005281212055047628
5.65,-0.08491104935418649,0.008766537440865977
5.7,-0.0843860950377809,0.012226901007616602
5.75,-0.08368888880120105,0.015655498603622614
5.8,-0.08282118453681549,0.019045740890119407
5.85,-0.08178506058025255,0.022391236740929608
5.9,-0.08058291020161634,0.02568577733968353
5.95,-0.07921743286136403,0.028923321588656743
6.0,-0.07769162615259982,0.03209798331664158
6.05,-0.07600877833017712,0.03520402065146088
6.1,-0.07417246131164425,0.038235827807882046
6.15,-0.07218652402518361,0.041187929435941587
6.2,-0.07005508597487016,0.044054977579373544
6.25,-0.06778253089321519,0.0468317512100124
6.3,-0.06537350035451929,0.04951315823219392
6.35,-0.06283288722941058,0.05209423979151456
6.4,-0.060165828870513666,0.054570176674638815
6.45,-0.05737769993087914,0.05693629755078451
6.5,-0.05447410473002174,0.05918808878046851
6.55,-0.05146086909660038,0.06132120550231768
6.6,-0.048344031631373935,0.06333148370327522
6.65,-0.045129834348644905,0.06521495298015766
6.7,-0.0418247126700782,0.06696784971049106
6.75,-0.03843528476073253,0.06858663036487947
6.8,-0.0349683401854598,0.0700679847123954
6.85,-0.031430827916648585,0.07140884868653351
6.9,-0.0278298437157749,0.072606416707302
6.95,-0.02417261691621861,0.0736581532891346
7.0,-0.020466496646657974,0.07456180378707677
7.05,-0.016718937541139182,0.07531540416041799
7.1,-0.01293748498736657,0.07591728965909131
7.15,-0.009129759968952836,0.07636610236319928
7.2,-0.005303443560252323,0.0766607975293594
7.25,-0.0014662611341997153,0.07680064871895018
7.3,0.0023740336556819404,0.07678525170240459
7.35,0.0062096750580870365,0.07661452715035223
7.4,0.010032901511432296,0.07628872213664348
7.45,0.01383597197755885,0.07580841048974597
7.5,0.01761118226511888,0.07517449203870355
7.55,0.021350881288716567,0.07438819080647217
7.6,0.025047487212592225,0.07345105220867855
7.65,0.02869350343064664,0.07236493931876481
7.7,0.03228153433768094,0.07113202826193668
7.75,0.03580430084985529,0.06975480280023
7.8,0.039254655635453634,0.06823604816973908
7.85,0.04262559802004208,0.06657884422877058
7.9,0.04591028853297226,0.06478655797265478
7.95,0.049102063064880304,0.06286283546731958
8.0,0.052194446608340835,0.06081159324978751
8.05,0.055181166556139055,0.05863700923957416
8.1,0.05805616553372078,0.05634351320078338
8.15,0.06081361374426741,0.05393577679058191
8.2,0.06344792080652689,0.0514187032258515
8.25,0.0659537470670352,0.0487974165962108
8.3,0.06832601436968391,0.04607725084837469
8.35,0.07055991626678083,0.0432637384640425
8.4,0.07265092765741293,0.0403625988548372
8.45,0.07459481383855153,0.03737972648731037
8.5,0.07638763895450947,0.034321178746098725
8.55,0.07802577383444391,0.03119316356518213
8.6,0.07950590320591965,0.02800202683747486
8.65,0.08082503227371382,0.02475423961663887
8.7,0.08198049265383964,0.021456385125794775
8.75,0.08296994765350892,0.01811514558821875
8.8,0.08379139688852022,0.014737288895785964
8.85,0.08444318023036869,0.011329655131788576
8.9,0.08492398107622841,0.007899142965783165
8.95,0.08523282893586817,0.004452695939260347
9.0,0.08536910133053159,0.0009972886621219153
9.05,0.08533252499984206,-0.0024600870588192486
9.1,0.08512317641382203,-0.005912436137082669
9.15,0.08474148158857292,-0.009352774145172998
9.2,0.08418821520481104,-0.012774141251125422
9.25,0.08346449903014085,-0.016169616126706438
9.3,0.08257179964727371,-0.01953232980051777
9.35,0.08151192549145449,-0.02285547942929108
9.4,0.08028702320200541,-0.026132341959255827
9.45,0.07889957329413937,-0.02935628764955284
9.5,0.07735238515868664,-0.032520793429196275
9.55,0.07564859139875442,-0.03561945605913562
9.6,0.07379164151377157,-0.03864600507100639
9.65,0.07178529494275718,-0.04159431545443456
9.7,0.06963361348004331,-0.04445842006510454
9.75,0.06734095307803893,-0.04723252172628968
9.8,0.06491195505298385,-0.04991100499705158
9.85,0.06235153671098815,-0.05248844758090887
9.9,0.05966488141301555,-0.05495963134941177
9.95,0.05685742809881585,-0.057319552955877075
10.0,0.05393486029109755,-0.05956343401561994
10.05,0.05090309460239209,-0.061686730830438
10.1,0.047768268768029955,-0.0636851436367544
10.15,0.04453672923316393,-0.06555462535970556
10.2,0.041215018315432506,-0.06729138985252477
10.25,0.03780986095404444,-0.06889191961194716
10.3,0.034328151094726596,-0.07035297294011494
10.35,0.03077693773246138,-0.0716715905396924
10.4,0.027163410639101073,-0.07284510153249657
10.45,0.02349488580477022,-0.0738711288898545
10.5,0.01977879062259569,-0.07474759426387417
10.55,0.016022648846892328,-0.07547272220988195
10.6,0.012234065355460956,-0.07604504379151263
10.65,0.008420710747092629,-0.07646339956129652
10.7,0.004590305805697752,-0.07672694191095285
10.75,0.0007506058627352182,-0.0768351367870201
10.8,-0.0030906149102109598,-0.07678776476880168
10.85,-0.0069255792467607154,-0.07658492150694332
10.9,-0.01074652253697291,-0.0762270175223014
10.95,-0.01454570855254719,-0.07571477736584194
11.0,-0.01831544511405331,-0.07504923814194814
11.05,-0.022048099668483173,-0.07423174739829277
11.1,-0.025736114745548044,-0.07326396038702489
11.15,-0.029372023261439777,-0.07214783670302904
11.2,-0.032948463639076435,-0.0708856363063431
11.25,-0.03645819471424608,-0.0694799149369649
11.3,-0.03989411039749335,-0.06793351893147921
11.35,-0.043249254062101214,-0.06624957945213863
11.4,-0.04651683262907705,-0.06443150614014526
11.45,-0.04969023032066815,-0.06248298020605174
11.5,-0.05276302205461115,-0.060407946971292564
11.55,-0.05572898645204222,-0.058210607875955375
11.6,-0.058582118432784144,-0.05589541196895739
11.65,-0.061316641372557955,-0.05346704689781784
11.7,-0.06392701879755179,-0.050930429416226705
11.75,-0.06640796559271823,-0.04829069542855686
11.8,-0.06875445870114594,-0.04555318959140795
11.85,-0.07096174729288388,-0.04272345449314767
11.9,-0.0730253623826964,-0.03980721943346138
11.95,-0.07494112587810892,-0.03681038883011208
12.0,-0.07670515903798995,-0.03373903026670225
12.05,-0.07831389032408018,-0.03059936220423714
12.1,-0.07976406263127923,-0.027397741392494564
12.15,-0.08105273988146311,-0.024140650001843022
12.2,-0.08217731296745401,-0.020834682501204464
12.25,-0.08313550503511165,-0.017486532308662657
12.3,-0.08392537609284703,-0.014102978241687616
12.35,-0.0845453269392201,-0.010690870794353635
12.4,-0.08499410240065818,-0.007257118269288057
12.45,-0.08527079387272654,-0.003808672792392369
12.5,-0.08537484115979127,-0.00035251623861806735
12.55,-0.08530603360933327,0.0031043539027233637
12.6,-0.0850645105385012,0.006554938694811872
12.65,-0.08465076095247366,0.009992251922200181
12.7,-0.08406562255437391,0.013409334235856791
12.75,-0.08331028004952439,0.01679926724275648
12.8,-0.08238626274699809,0.020155187513282116
12.85,-0.08129544146353526,0.023470300477253337
12.9,-0.08004002473600155,0.02673789418072788
12.95,-0.07862255435011281,0.02995135287552668
13.0,-0.0770459001944528,0.03310417041403976
13.05,-0.07531325445021221,0.03618996342216122
13.1,-0.0734281251283844,0.0392024842237532
13.15,-0.07139432896747039,0.042135633490527166
13.2,-0.06921598370601552,0.044983472591808064
13.25,-0.06689749974555875,0.0477402356192004
13.3,-0.06444357122082157,0.05040034106174038
13.35,-0.061859166495212475,0.05295840310765733
13.4,-0.05914951810097582,0.0554092425494813
13.45,-0.05632011214454943,0.05774789727000055
13.5,-0.05337667719884352,0.05996963228762531
13.55,-0.05032517270516431,0.06206994934104395
13.6,-0.04717177691158876,0.06404459599538244
13.65,-0.043922874371233774,0.06588957424968088
13.7,-0.04058504300659565,0.06760114863928855
13.75,-0.037165040789163425,0.06917585380236138
13.8,-0.033669792056645734,0.07061050149441923
13.85,-0.03010637349383087,0.07190218704157468
13.9,-0.026481999805246202,0.07304829522001678
13.95,-0.022804009108405292,0.07404650555012697
14.0,-0.019079848077072633,0.0748947969944846
14.05,-0.015317056864548859,0.07559145205000958
14.1,-0.011523253837525154,0.0761350602257149
14.15,-0.007706120151451448,0.07652452089883098
14.2,-0.0038733841987095637,0.07675904554340576
14.25,-3.280596112398065e-5,0.07683815932685527
14.3,0.003807838701470695,0.07676170207125174
14.35,0.007640773794778204,0.07652982857747966
14.4,0.011458238933830732,0.07614300831163114
14.45,0.015252505055146795,0.07560202445431702
14.5,0.019015890065446548,0.0749079723149035
14.55,0.022740774395264743,0.07406225711381048
14.6,0.026419616425970145,0.073066591137413
14.65,0.030044967758966284,0.07192299027125561
14.7,0.03360948829615677,0.07063376991860283
14.75,0.037105961101146064,0.06920154031254798
14.8,0.04052730701107921,0.0676292012311702
14.85,0.04386659896953568,0.06591993612642419
14.9,0.04711707605145236,0.06407720567864537
14.95,0.050272157151675004,0.06210474078972248
15.0,0.0533254543094241,0.06000653502913613
15.05,0.05627078564169318,0.0577868365481663
15.1,0.05910218785939816,0.05545013947866107
15.15,0.06181392834093843,0.05300117483379453
15.2,0.06440051673872886,0.05044490092926082
15.25,0.06685671609521186,0.04778649334430659
15.3,0.06917755344584701,0.045031334442948524
15.35,0.07135832988762045,0.042185002476596144
15.4,0.07339463009269385,0.039253260290150076
15.45,0.07528233124802466,0.036242043654935455
15.5,0.07701761140374774,0.033157449256754366
15.55,0.07859695721120433,0.030005722349952385
15.6,0.08001717103557363,0.026793244108437596
15.65,0.08127537742989732,0.02352651870581596
15.7,0.08236902895681092,0.02021216014666231
15.75,0.0832959113461882,0.016856878875490054
15.8,0.08405414797825606,0.013467468190520217
15.85,0.08464220368310313,0.010050790489737041
15.9,0.08505888784888663,0.006613763377060421
15.95,0.08530335683243978,0.003163345656747172
16.0,0.0853751156673947,-0.00029347675564181733
16.05,0.08527401906635565,-0.003749704977193769
16.1,0.08500027171495692,-0.007198341328304958
16.15,0.08455442785785401,-0.010632403499206154
16.2,0.08393739017614783,-0.014044938688381487
16.25,0.0831504079600737,-0.01742903767848322
16.3,0.08219507457946613,-0.020777848825716528
16.35,0.08107332425782202,-0.02408459193179896
16.4,0.07978742815613679,-0.027342571971667985
16.45,0.07833998977464428,-0.03054519264848855
16.5,0.07673393968166742,-0.03368596974886585
16.55,0.07497252958030041,-0.036758544271085575
16.6,0.07305932572488072,-0.03975669529996076
16.65,0.07099820170055726,-0.042674352602241394
16.7,0.0687933305805079,-0.04550560891717299
16.75,0.06644917647663648,-0.04824473191728696
16.8,0.06397048550081857,-0.05088617581509378
16.85,0.06136227615503596,-0.05342459259186819
16.9,0.058629829169986866,-0.05585484282541436
16.95,0.055778676812977365,-0.05817200609453601
17.0,0.05281459168700802,-0.06037139093913192
17.05,0.04974357504664543,-0.062448544356741464
17.1,0.046571844655872933,-0.06439926081426199
17.15,0.04330582219095059,-0.06621959077015646
17.2,0.03995212023580056,-0.0679058486759117
17.25,0.036517528893366465,-0.0694546204367764
17.3,0.0330090020380992,-0.07086277032225251
17.35,0.02943364323723565,-0.07212744731313057
17.4,0.025798691369137542,-0.07324609087271353
17.45,0.02211150596760804,-0.07421643613064266
17.5,0.018379552321758127,-0.07503651846868625
17.55,0.014610386361535617,-0.07570467749891123
17.6,0.010811639359584934,-0.07621956042593904
17.65,0.006991002480446669,-0.07658012478630748
17.7,0.003156211208449781,-0.07678564055932503
17.75,-0.0006849703141283546,-0.07683569164515618
17.8,-0.004524765006899804,-0.07673017670718997
17.85,-0.008355398597356064,-0.0764693093770834
17.9,-0.012169115361144591,-0.07605361782206524
17.95,-0.01595819382475754,-0.07548394367548356
18.0,-0.019714962398858955,-0.07476144033275119
18.05,-0.023431814910613934,-0.07388757061613052
18.1,-0.02710122600357507,-0.07286410381309233
18.15,-0.03071576637395403,-0.07169311209420859
18.2,-0.034268117812431824,-0.07037696631781298
18.25,-0.03775108802104807,-0.06891833122989928
18.3,-0.041157625175170236,-0.0673201600689585
18.35,-0.044480832201050924,-0.06558568858666526
18.4,-0.047713980740061585,-0.06371842849651796
18.45,-0.050850524771326185,-0.06172216036369817
18.5,-0.05388411386516685,-0.059600925950555196
18.55,-0.05680860604053099,-0.05735902003323323
18.6,-0.059618080200365166,-0.055000981706018165
18.65,-0.06230684811976229,-0.052531585191038996
18.7,-0.06486946596261553,-0.049955830171945034
18.75,-0.06730074530346483,-0.047278931671150166
18.8,-0.06959576363223084,-0.04450630949115218
18.85,-0.07174987432057196,-0.041643577241316995
18.9,-0.07375871602969371,-0.03869653097234845
18.95,-0.07561822154056856,-0.03567113744145598
19.0,-0.07732462598886577,-0.03257352203294872
19.05,-0.0788744744887141,-0.0294099563623676
19.1,-0.08026462912714155,-0.02618684557416354
19.15,-0.08149227531670368,-0.02291071537030419
19.2,-0.08255492749398673,-0.01958819879791343
19.25,-0.08345043415196969,-0.01622602281966252
19.3,-0.08417698219605727,-0.012830994694072295
19.35,-0.0847331006149631,-0.00940998819328876
19.4,-0.08511766345900891,-0.005969929686216086
19.45,-0.08532989211980614,-0.0025177841151651625
19.5,-0.08536935690669896,0.000939459105603564
19.55,-0.08523597791674077,0.004394800241018322
19.6,-0.08493002519649967,0.00784124340710779
19.65,-0.08445211819550837,0.011271810734630601
19.7,-0.08380322451184964,0.014679556497821749
19.75,-0.0829846579333193,0.018057581176313793
19.8,-0.08199807577736591,0.021399045424682177
19.85,-0.08084547553566662,0.024697183919565626
19.9,-0.07952919082988942,0.027945319057202128
19.95,-0.0780518866869672,0.03113687447319706
20.0,-0.07641655414337502,0.0342653883574064
20.05,-0.07462650418935875,0.03732452653689653
20.1,-0.07268536106532633,0.040308095300619406
20.15,-0.07059705492394194,0.04321005393985572
20.2,-0.06836581387271908,0.046024526979086725
20.25,-0.06599615541318614,0.048745816072433695
20.3,-0.06349287729395049,0.05136841154140902
20.35,-0.06086104779626085,0.05388700353025083
20.4,-0.058105995471915355,0.0562964927558878
20.45,-0.055233298354549654,0.058592000830554054
20.5,-0.0522487726686627,0.06076888013660662
20.55,-0.04915846106265807,0.06282272323078546
20.6,-0.045968620367490914,0.06474937177438643
20.65,-0.04268570892535987,0.0665449249589086
20.7,-0.03931637351309224,0.06820574740325837
20.75,-0.03586743588457463,0.06972847651249182
20.8,-0.032345878959391235,0.07111002928403837
20.85,-0.02875883268541812,0.07234760854828798
20.9,-0.025113559603762114,0.07343870863122585
20.95,-0.021417440145103106,0.07438112042758856
21.0,-0.017677957687141307,0.07517293587403368
21.05,-0.01390268340339636,0.07581255181294752
21.1,-0.010099260934109615,0.0762986732388446
21.15,-0.006275390910339265,0.07663031592065195
21.2,-0.0024388153626495397,0.07680680839455978
21.25,0.0014026979539953383,0.07682779332342889
21.3,0.00524137128737762,0.07669322822009403
21.35,0.009069432635361415,0.0764033855331783
21.4,0.01287913148155106,0.07595885209528244
21.45,0.016662754487413535,0.07536052793474952
21.5,0.02041264110911923,0.07460962445337911
21.55,0.024121199107492934,0.07370766197380563
21.6,0.027780919919681058,0.07265646666146597
21.65,0.03138439386141748,0.07145816682737413
21.7,0.03492432512911113,0.07011518861915823
21.75,0.0383935465713748,0.06863025110904483
21.8,0.0417850342000868,0.06700636078873483
21.85,0.04509192141159612,0.06524680548229095
21.9,0.04830751288927241,0.06335514768936161
21.95,0.05142529815924864,0.061335217372223076
22.0,0.05443896477190329,0.05919110420125333
22.05,0.05734241108239675,0.056927149274553925
22.1,0.06012975860438277,0.054547936328504285
22.15,0.06279536391188655,0.05205828245706238
22.2,0.0653338300652574,0.049463228358624864
22.25,0.06774001753806566,0.04676802813021244
22.3,0.07000905462283064,0.04397813862965452
22.35,0.07213634729451628,0.04109920842732781
22.4,0.07411758851183146,0.038137066369819235
22.45,0.07594876693750953,0.035097709778669973
22.5,0.0776261750599135,0.03198729230809014
22.55,0.07914641669981731,0.02881211148778373
22.6,0.08050641388766475,0.025578595977707737
22.65,0.08170341309456848,0.02229329254655212
22.7,0.0827349908068342,0.018962852814773255
22.75,0.08359905843268571,0.015594019787362811
22.8,0.08429386653090888,0.012193614201655982
22.85,0.08481800835285142,0.008768520717805945
22.9,0.08517042269060573,0.0053256739798658755
22.95,0.0853503960256052,0.0018720445756809532
23.0,0.08535756397327846,-0.0015853750759968616
23.05,0.0851919120207739,-0.005039584882821426
23.1,0.08485377555649767,-0.008483591251013646
23.15,0.0843438391910532,-0.011910421245168177
23.2,0.08366313537110144,-0.015313136706211898
23.25,0.08281304228911496,-0.018684848298445304
23.3,0.08179528109299311,-0.022018729458214314
23.35,0.08061191240137776,-0.025308030215254122
23.4,0.07926533213162822,-0.02854609085908668
23.45,0.07775826664895559,-0.031726355422613664
23.5,0.07609376724650144,-0.034842384955738305
23.55,0.07427520396753111,-0.03788787056212973
23.6,0.0723062587822089,-0.04085664617281488
23.65,0.07019091813272822,-0.043742701030751494
23.7,0.06793346486184094,-0.04654019186109875
23.75,0.06553846954110684,-0.049243454702397084
23.8,0.06301078121645008,-0.05184701637445836
23.85,0.06035551758988501,-0.05434560555936841
23.9,0.05757805465751126,-0.05673416347284756
23.95,0.0546840158269089,-0.059007854104401486
24.0,0.05167926054054546,-0.06116207400187159
24.05,0.048569872406748406,-0.06319246159723377
24.1,0.04536214687894513,-0.06509490604471749
24.15,0.04206257850862967,-0.06686555554399633
24.2,0.03867784779573044,-0.06850082513752072
24.25,0.03521480766304413,-0.06999740396696445
24.3,0.03168046958195399,-0.07135226197487493
24.35,0.028081989377284313,-0.07256265603847264
24.4,0.024426652739813058,-0.07362613552330965
24.45,0.02072186047564847,-0.07454054724537033
24.5,0.016975113522298323,-0.07530403983123218
24.55,0.013193997761809313,-0.07591506746716413
24.6,0.00938616866180109,-0.07637239302938309
24.65,0.005559335775561543,-0.07667509058903658
24.7,0.0017212471326463316,-0.07682254728686969
24.75,-0.002120326448374015,-0.07681446457386087
24.8,-0.005957607093244539,-0.07665085881540198
24.85,-0.009782825619595665,-0.07633206125788111
24.9,-0.01358823726687721,-0.07585871735777146
24.95,-0.017366137376768655,-0.07523178547477002
25.0,-0.02110887699243343,-0.07445253493142562
25.05,-0.024808878345026517,-0.07352254344320516
25.1,-0.028458650196036422,-0.07244369392435246
25.15,-0.032050803004468505,-0.0712181706758117
25.2,-0.03557806388815356,-0.06984845496293506
25.25,-0.03903329134887268,-0.06833731999191439
25.3,-0.04240948973148677,-0.06668782529508172
25.35,-0.04569982338778521,-0.06490331053642848
25.4,-0.048897630516370215,-0.06298738874988667
25.45,-0.05199643665055102,-0.06094393902406335
25.5,-0.0549899677669315,-0.05877709864824961
25.55,-0.057872162988153016,-0.05649125473562479
25.6,-0.0606371868540706,-0.05409103534063676
25.65,-0.06327944113652097,-0.05158130008855899
25.7,-0.0657935761737667,-0.04896713033622373
25.75,-0.06817450170167129,-0.04625381888386489
25.8,-0.07041739715968591,-0.04344685925892479
25.85,-0.07251772145078651,-0.040551934593524935
25.9,-0.07447122213560786,-0.03757490611813077
25.95,-0.07627394404216652,-0.03452180129470659
26.0,-0.07792223727374277,-0.03139880161338244
26.05,-0.07941276459871398,-0.02821223007732997
26.1,-0.08074250820778295,-0.024968538403321774
26.15,-0.08190877582499241,-0.02167429396286604
26.2,-0.08290920615765941,-0.01833616647962165
26.25,-0.08374177367687367,-0.014960914524315316
26.3,-0.0844047927184537,-0.011555371831020534
26.35,-0.08489692089581286,-0.00812643346130748
26.4,-0.08521716181782485,-0.004681041844259504
26.45,-0.08536486710618275,-0.0012261727205998083
26.5,-0.08533973770816274,0.002231178980623509
26.55,-0.08514182450205163,0.005684013304501571
26.6,-0.08477152819439848,0.009125339441727033
26.65,-0.08422959850850044,0.012548189883559952
26.7,-0.08351713266664111,0.015945634527966074
26.75,-0.0826355731685714,0.01931079471084062
26.8,-0.08158670487100175,0.022636857132793273
26.85,-0.08037265137389565,0.025917087653770255
26.9,-0.07899587072094941,0.029144844927341762
26.95,-0.07745915042292097,0.032313593847184616
27.0,-0.0757656018138923,0.03541691877850555
27.05,-0.07391865375185384,0.03844853654769216
27.1,-0.07192204567633671,0.041402309163901176
27.15,-0.06977982003710002,0.04427225624684807
27.2,-0.06749631410916962,0.04705256713555427
27.25,-0.0650761512108018,0.049737612653346
27.3,-0.06252423134222265,0.05232195650497448
27.35,-0.059845721264268036,0.054800366282424594
27.4,-0.0570460440388798,0.057167824056850766
27.45,-0.05413086805765323,0.05941953653073691
27.5,-0.05110609556090411,0.06155094474678326
27.55,-0.047977850684292084,0.06355773332603876
27.6,-0.04475246705851144,0.06543583920591366
27.65,-0.04143647498521922,0.06718145986581135
27.7,-0.03803658821532505,0.06879106102426953
27.75,-0.03455969035634862,0.07026138379280032
27.8,-0.031012820936144662,0.07158945127264216
27.85,-0.02740316115096707,0.07277257458139766
27.9,-0.023738019326538747,0.07380835829732496
27.95,-0.02002481612147897,0.07469470530996518
28.0,-0.01627106950304785,0.07542982106691279
28.05,-0.012484379525700414,0.0760122172078788
28.1,-0.008672412943348164,0.07644071457851687
28.15,-0.004842887686608861,0.07671444561798114
28.2,-0.0010035572364763602,0.07683285611549631
28.25,0.002837805074296991,0.07679570633133612
28.3,0.006673421799410334,0.07660307148191271
28.35,0.010495527125556257,0.07625534158749975
28.4,0.014296382595464795,0.07575322068260822
28.45,0.018068292775594217,0.07509772539055494
28.5,0.021803620836725584,0.0742901828651385
28.55,0.0254948040159133,0.07333222810355353
28.6,0.029134368928474867,0.0722258006359985
28.65,0.0327149466990254,0.07097314059869703
28.7,0.03622928788095401,0.0695767841989164
28.75,0.03967027713399984,0.06803955858068626
28.8,0.04303094763047308,0.06636457610063334
28.85,0.04630449516075688,0.06455522802655059
28.9,0.04948429190954879,0.06261517767121233
28.95,0.052563899874953884,0.06054835297531662
29.0,0.05553708390325185,0.05835893855458606
29.05,0.058397824312948994,0.05605136722714825
29.1,0.06114032908255224,0.05363031103836325
29.15,0.06375904557739237,0.05110067180130469
29.2,0.06624867179175868,0.048467571172053754
29.25,0.06860416708358695,0.045736340279935554
29.3,0.07082076237997674,0.04291250893369686
29.35,0.07289396983288012,0.04000179442549868
29.4,0.07481959190541995,0.03701008995539595
29.45,0.07659372987044763,0.03394345269974074
29.5,0.0782127917041361,0.030808091547665055
29.55,0.07967349935863154,0.02761035453045864
29.6,0.08097289539903875,0.02435671596929492
29.65,0.08210834899179249,0.021053763369783506
29.7,0.08307756123194444,0.01770818408665551
29.75,0.08387856979661375,0.014326751778688005
29.8,0.0845097529177948,0.010916312693698553
29.85,0.0849698326658487,0.007483771807348727
29.9,0.08525787753685929,0.0040360788430816716
29.95,0.08537330433861234,0.0005802142014766384
30.0,0.08531587937137596,-0.0028768251724983415
30.05,0.08508571890099734,-0.006328039956070168
30.1,0.08468328892384924,-0.009766442618515968
30.15,0.08410940422294523,-0.013185071570193302
30.2,0.08336522671865075,-0.01657700525590832
30.25,0.08245226311604684,-0.019935376169329073
30.3,0.08137236185450362,-0.02325338475690677
30.35,0.08012770936520143,-0.026524313184810775
30.4,0.07872082564441413,-0.029741538940145938
30.45,0.07715455915137627,-0.03289854823938732
30.5,0.07543208104111898,-0.03598894921666937
30.55,0.07355687874388217,-0.03900648486539793
30.6,0.07153274890408584,-0.04194504570691601
30.65,0.06936378969310816,-0.044798682160583025
30.7,0.06705439251142019,-0.04756161659007788
30.75,0.06460923309690968,-0.05022825500128863
30.8,0.06203326205751028,-0.05279319836777038
30.85,0.05933169484899112,-0.05525125356034423
30.9,0.05651000122302974,-0.0575974438536541
30.95,0.053573894149424456,-0.05982701900544252
31.0,0.0505293182464369,-0.06193546488162558
31.05,0.04738243774390461,-0.06391851259728458
31.1,0.04413962400194848,-0.06577214715965767
31.15,0.040807442610808646,-0.06749261559585376
31.2,0.037392640097974626,-0.0690764345494606
31.25,0.0339021302693804,-0.07052039733146129
31.3,0.030342980212064406,-0.07182158041173048
31.35,0.02672239598639974,-0.07297734933812375
31.4,0.023047708036713327,-0.07398536407097318
31.45,0.019326356349791574,-0.07484358372182341
31.5,0.015565875391360784,-0.07555027068644644
31.55,0.01177387885120955,-0.07610399416366266
31.6,0.007958044228087411,-0.07650363305329422
31.65,0.004126097284262206,-0.0767483782244751
31.7,0.00028579640340441496,-0.07683773415300099
31.75,-0.0035550831172458264,-0.07677151992451584
31.8,-0.00738876480905801,-0.07654986960080426
31.85,-0.011207486776615405,-0.07617323194842823
31.9,-0.015003517412857988,-0.07564236953016719
31.95,-0.018769171052923316,-0.07495835716110393
32.0,-0.0224968235349778,-0.07412257973248013
32.05,-0.026178927636530572,-0.07313672940771251
32.1,-0.029808028354968662,-0.07200280219625871
32.15,-0.03337677800136722,-0.07072309391226407
32.2,-0.036877951077024095,-0.0693001955261884
32.25,-0.040304458902622894,-0.06773698791900076
32.3,-0.04364936397043642,-0.06603663605097981
32.35,-0.04690589399037555,-0.06420258255393663
32.4,-0.050067455601692096,-0.06223854076049179
32.45,-0.05312764772232871,-0.06014848718574131
32.5,-0.05608027450894254,-0.05793665347601442
32.55,-0.05891935790137676,-0.05560751784102235
32.6,-0.06163914972617025,-0.0531657959867746
32.65,-0.0642341433346065,-0.05061643156764432
32.7,-0.0666990847517465,-0.047964586176931646
32.75,-0.06902898331386907,-0.0452156288962184
32.8,-0.07121912177279936,-0.04237512542468436
32.85,-0.07326506584666592,-0.039448826810410655
32.9,-0.07516267319776042,-0.03644265780649335
32.95,-0.0769081018193311,-0.03336270487553699
33.0,-0.07849781781432778,-0.03021520386682242
33.05,-0.07992860255035937,-0.027006527391074325
33.1,-0.08119755917637175,-0.023743171918385896
33.15,-0.08230211848785639,-0.02043174462543497
33.2,-0.08324004412921934,-0.01707895002104022
33.25,-0.08400943712217582,-0.01369157637280486
33.3,-0.08460873970952267,-0.010276481958409975
33.35,-0.08503673850889418,-0.006840581179580022
33.4,-0.08529256696942566,-0.0033908305629294683
33.45,-0.08537570712622009,6.578532446076203e-5
33.5,-0.08528599064904524,0.0035222680162852247
33.55,-0.08502359918317297,0.006971619316299139
33.6,-0.08458906398175862,0.010406855466681509
33.65,-0.08398326483003508,0.01382102128857382
33.7,-0.08320742826428452,0.017207204263008827
33.75,-0.082263125088451,0.020558548526736286
33.8,-0.08115226719389526,0.023868268752718566
33.85,-0.07987710368846443,0.0271296638881986
33.9,-0.07844021634285238,0.030336130722003765
33.95,-0.07684451436337505,0.03348117725393035
34.0,-0.07509322850177015,0.036558435838997344
34.05,-0.07318990451388553,0.039561676080072265
34.1,-0.0711383959804819,0.04248481744269729
34.15,-0.06894285650464832,0.04532194156652601
34.2,-0.06660773130163249,0.04806730424825183
34.25,-0.06413774819818796,0.05071534707146662
34.3,-0.06153790806129305,0.053260708659237654
34.35,-0.05881347467965641,0.05569823552129134
34.4,-0.05596996410353408,0.05802299249077643
34.45,-0.053013133474529496,0.06023027272270354
34.5,-0.04994896936834308,0.062315607225452666
34.55,-0.04678367567304702,0.06427477390953368
34.6,-0.04352366102775772,0.06610380613512291
34.65,-0.04017552584729988,0.06779900074145667
34.7,-0.03674604895908346,0.06935692554258
34.75,-0.03324217387905077,0.07077442627499887
34.8,-0.029670994754200708,0.07204863298354511
34.85,-0.026039741999951085,0.07317696583248949
34.9,-0.022355767661310796,0.07415714032981303
34.95,-0.018626530527499376,0.07498717195364109
35.0,-0.014859581030793621,0.07566538017213913
35.05,-0.011062545958757978,0.07619039184648872
35.1,-0.007243113011061532,0.07656114400878533
35.15,-0.003409015234816217,0.07677688601378564
35.2,0.00043198463193997675,0.07683718105855349
35.25,0.0042721098769598065,0.07674190706684285
35.3,0.008103585558877965,0.0764912569363159
35.35,0.011918654248750616,0.07608573814810934
35.4,0.01570959173618285,0.07552617173937405
35.45,0.019468722668209298,0.0748136906409953
35.5,0.023188436089257813,0.07394973738377111
35.55,0.026861200850736087,0.07293606117773171
35.6,0.030479580859026266,0.07177471437050091
35.65,0.034036250131017735,0.07046804829187928
35.7,0.03752400762669889,0.06901870849306845
35.75,0.040935791828762884,0.0674296293901816
35.8,0.04426469503973631,0.06570402832292399
35.85,0.04750397736782705,0.06384539904207252
35.9,0.05064708037289094,0.06185750463741598
35.95,0.05368764034513812,0.059744369917323153
36.0,0.056619501189526404,0.057510273259577235
36.05,0.059436726889763994,0.05515973794890536
36.1,0.06213361352670093,0.05269752301861569
36.15,0.0647047008267823,0.05012861361492706
36.2,0.06714478321718963,0.04745821090350478
36.25,0.06944892036528373,0.04469172153867389
36.3,0.0716124471810287,0.04183474671664178
36.35,0.07363098326214329,0.03889307083490752
36.4,0.07550044176286823,0.03587264978083166
36.45,0.0772170376684014,0.032779598873069714
36.5,0.07877729545824623,0.029620180480292888
36.55,0.08017805614296845,0.026400791342241898
36.6,0.0814164836601083,0.023127949618776962
36.65,0.08249007061629993,0.01980828169312545
36.7,0.08339664336397201,0.01644850875605286
36.75,0.08413436640278917,0.013055433200213502
36.8,0.08470174609633728,0.009635924848053801
36.85,0.08509763369528628,0.006196907038667278
36.9,0.08532122766307282,0.002745342610169877
36.95,0.08537207529872998,-0.0007117801975059281
37.0,0.08525007365343507,-0.004167461891320543
37.05,0.08495546973903953,-0.007614705896215568
37.1,0.08448886002794079,-0.011046532720852598
37.15,0.08385118924541012,-0.014455994088745264
37.2,0.08304374845695446,-0.01783618700573209
37.25,0.08206817245434883,-0.021180267736240467
37.3,0.08092643644579436,-0.02448146565937452
37.35,0.07962085205680385,-0.027733096977156084
37.4,0.07815406264995395,-0.030928578246962816
37.45,0.07652903797293062,-0.03406143971091336
37.5,0.07474906814569932,-0.03712533839515238
37.55,0.07281775699892604,-0.04011407095255576
37.6,0.07073901477711549,-0.04302158622278951
37.65,0.06851705022122181,-0.04584199748416331
37.7,0.0661563620467926,-0.048569594372252174
37.75,0.06366172983668465,-0.05119885444020492
37.8,0.06103820436928718,-0.05372445433235873
37.85,0.05829109739001209,-0.05614128056512517
37.9,0.055425970855601775,-0.05844443988485195
37.95,0.05244862567218824,-0.06062926917686519
38.0,0.04936508994946668,-0.06269134490775968
38.05,0.04618160679507102,-0.06462649208137426
38.1,0.0429046216741299,-0.06643079269040526
38.15,0.0395407693596652,-0.06810059364710538
38.2,0.03609686050012016,-0.06963251417784665
38.25,0.032579867830967175,-0.07102345266713718
38.3,0.028996912058036336,-0.07227059293745333
38.35,0.025355247440982612,-0.07337140995193217
38.4,0.021662247106121968,-0.07432367492813309
38.45,0.017925388119393846,-0.07512545985376468
38.5,0.014152236345706247,-0.0757751413893129
38.55,0.01035043112932168,-0.07627140415303241
38.6,0.006527669827230138,-0.07661324338367101
38.65,0.0026916922249452927,-0.0767999669745379
38.7,-0.001149735133714462,-0.07683119687477073
38.75,-0.00498883467109795,-0.07670686985484011
38.8,-0.008817833522602687,-0.07642723763465666
38.85,-0.012628979274033975,-0.07599286637407734
38.9,-0.01641455565760409,-0.0754046355266014
38.95,-0.020166898174739288,-0.07466373605884728
39.0,-0.023878409614078472,-0.07377166803920764
39.05,-0.02754157543323729,-0.0727302376006808
39.1,-0.031148978973186588,-0.07154155328397921
39.15,-0.03469331647444074,-0.07020802176834347
39.2,-0.038167411864657955,-0.06873234299870433
39.25,-0.041564231287698865,-0.06711750471906154
39.3,-0.044876897344742116,-0.06536677642316187
39.35,-0.04809870301861463,-0.0634837027347392
39.4,-0.051223125253344604,-0.061472096232168094
39.45,-0.05424383816123902,-0.05933602973211174
39.5,-0.057154725830668524,-0.05707982804135503
39.55,-0.059949894708762434,-0.05470805919988165
39.6,-0.06262368553383277,-0.05222552523188796
39.65,-0.06517068479341596,-0.0496372524230515
39.7,-0.06758573568474148,-0.04694848114375223
39.75,-0.06986394855543268,-0.04416465523889128
39.8,-0.07200071080331909,-0.041291411005787045
39.85,-0.07399169621531494,-0.03833456578249922
39.9,-0.07583287372646721,-0.03530010616967496
39.95,-0.07752051558144774,-0.032194175909779986
40.0,-0.0790512048819636,-0.029023063448245564
40.05,-0.08042184250481586,-0.025793189201704182
40.1,-0.08162965337659407,-0.022511092559081493
40.15,-0.08267219209230452,-0.01918341864184373
40.2,-0.08354734786655293,-0.015816904850177022
40.25,-0.08425334880724826,-0.012418367222343473
40.3,-0.08478876550348878,-0.00899468663633342
40.35,-0.08515251392004188,-0.005552794878901994
40.4,-0.08534385759129874,-0.0020996606075476443
40.45,-0.08536240911222077,0.0013577247588586385
40.5,-0.08520813092268104,0.004812361195222794
40.55,-0.08488133538363621,0.008257254242244124
40.6,-0.08438268414457964,0.011685429168323979
40.65,-0.0837131868040396,0.015089945090476092
40.7,-0.08287419886549012,0.018463909027256083
40.75,-0.08186741899297223,0.021800489854519663
40.8,-0.08069488557189028,0.025092932136122716
40.85,-0.07935897258198737,0.028334569801365842
40.9,-0.07786238479081414,0.03151883964161728
40.95,-0.07620815227741393,0.034639294598753034
41.0,-0.07439962429728075,0.037689616818531495
41.05,-0.07244046250097856,0.04066363044244697
41.1,-0.07033463352013174,0.04355531411207067
41.15,-0.06808640093580923,0.046358813160398527
41.2,-0.06570031664770434,0.049068451464086664
41.25,-0.06318121166157831,0.05167874292916038
41.3,-0.06053418630631858,0.05418440260176072
41.35,-0.05776459990698598,0.05658035737133743
41.4,-0.054878059933326825,0.058861756243766515
41.45,-0.051880410645645685,0.06102398016435728
41.5,-0.04877772126131448,0.06306265137024629
41.55,-0.045576273666163,0.06497364225302314
41.6,-0.04228254969582665,0.06675308371397824
41.65,-0.038903218012777775,0.06839737299576734
41.7,-0.03544512060540074,0.06990318097542944
41.75,-0.03191525893617409,0.07126745890439151
41.8,-0.028320779766748228,0.07248744458182091
41.85,-0.02466896068885948,0.07356066794895907
41.9,-0.020967195391275135,0.07448495609410229
41.95,-0.017222978686503757,0.0752584376503015
42.0,-0.013443891335329177,0.07587954658309416
42.05,-0.00963758469885204,0.07634702536049112
42.1,-0.005811765247464485,0.07665992749871757
42.15,-0.0019741789581312055,0.0768176194784653
42.2,0.0018674043684211031,0.07681978202763948
42.25,0.005705206838815327,0.07666641076789901
42.3,0.009531458214571985,0.07635781622365312
42.35,0.013338411644181522,0.07589462319346073
42.4,0.017118359347848697,0.07527776948503509
42.45,0.020863648223126547,0.0745085040165488
42.5,0.02456669533984635,0.07358838428796126
42.55,0.028220003292972227,0.07251927322756523
42.6,0.031816175382285775,0.07130333542010753
42.65,0.03534793058816816,0.06994303272413811
42.7,0.038808118313163435,0.06844111928745163
42.75,0.042189732859462585,0.06680063597072683
42.8,0.04548592761301111,0.06502490419066138
42.85,0.04869002890551094,0.06311751919507874
42.9,0.05179554952625879,0.061082342783633614
42.95,0.05479620185668366,0.058923495490307606
43.0,0.057685910600875585,0.05664534824441724
43.05,0.06045882508593884,0.054252513518283654
43.1,0.06310933110764105,0.05174983598754086
43.15,0.06563206229723391,0.049142382722030954
43.2,0.06802191098647459,0.046435432926429786
43.25,0.07027403854884674,0.04363446725141466
43.3,0.07238388519606156,0.04074515669702347
43.35,0.07434717921000347,0.03777335113068693
43.4,0.07615994559143983,0.03472506744319393
43.45,0.07781851410799337,0.03160647736657122
43.5,0.0793195267250812,0.028423894978536576
43.55,0.08065994440478655,0.02518376391881736
43.6,0.08183705325889254,0.021892644343203815
43.65,0.08284847004362199,0.018557199641731918
43.7,0.08369214698495585,0.015184182947859599
43.75,0.08436637592475094,0.011780423465938925
43.8,0.08486979177925931,0.008352812644628668
43.85,0.08520137530317633,0.004908290225046573
43.9,0.08536045515370407,0.0014538301910089653
43.95,0.08534670924911333,-0.0020035733538168138
44.0,0.08516016542063305,-0.0054569203470092855
44.05,0.0848012013562247,-0.008899218939465707
44.1,0.08427054383572558,-0.012323499652237155
44.15,0.08356926725954471,-0.015722829486463905
44.2,0.08269879147330486,-0.0190903259606236
44.25,0.08166087889322182,-0.0224191710448848
44.3,0.08045763093778817,-0.02570262496539601
44.35,0.07909148377311774,-0.028934039849999572
44.4,0.07756520338046684,-0.03210687318807116
44.45,0.07588187995593607,-0.035214701077071794
44.5,0.07404492165364449,-0.03825123122907035
44.55,0.07205804768502268,-0.0412103157107981
44.6,0.06992528078827684,-0.044085963391346225
44.65,0.06765093908563977,-0.04687235206987915
44.7,0.06523962734208912,-0.0495638402594342
44.75,0.0626962276414118,-0.0521549786117506
44.8,0.06002588950153007,-0.054640520951846926
44.85,0.05723401944800646,-0.05701543490130887
44.9,0.054326270066894014,-0.0592749120686543
44.95,0.05130852855929495,-0.061414377785521924
45.0,0.04818690482110464,-0.06342950036849243
45.05,0.044967719072324774,-0.06531619988786033
45.1,0.04165748906109999,-0.06707065642610666
45.15,0.03826291686827068,-0.06868931781019184
45.2,0.03479087533888922,-0.07016890680265772
45.25,0.031248394167893878,-0.07150642773719149
45.3,0.027642645668621235,-0.07269917258598219
45.35,0.023980930253373292,-0.07374472644678168
45.4,0.020270661647711578,-0.07464097243060706
45.45,0.016519351879312333,-0.07538609594697764
45.5,0.012734596069210801,-0.07597858837687431
45.55,0.00892405705469586,-0.07641725012670586
45.6,0.005095449874982658,-0.07670119305695848
45.65,0.00125652615108226,-0.07682984228044915
45.7,-0.0025849416084880415,-0.07680293732642691
45.75,-0.0064211757443381826,-0.07662053266807851
45.8,-0.010244409193300621,-0.07628299761239446
45.85,-0.01404690121409986,-0.07579101555249892
45.9,-0.017820953059727383,-0.07514558258404944
45.95,-0.021558923564797473,-0.07434800548849958
46.0,-0.02525324461631026,-0.07339989908727965
46.05,-0.028896436476510492,-0.07230318297228491
46.1,-0.03248112292680409,-0.07106007761927687
46.15,-0.03600004620207509,-0.06967309989207847
46.2,-0.03944608168516985,-0.06814505794664873
46.25,-0.04281225233178288,-0.06647904554537971
46.3,-0.04609174279655435,-0.06467843579312596
46.35,-0.04927791323176643,-0.06274687430765222
46.4,-0.052364312730707845,-0.060688271838356046
46.45,-0.05534469238849704,-0.058506796348208136
46.5,-0.058213017954166876,-0.05620686457665782
46.55,-0.06096348204833428,-0.05379313310141863
46.6,-0.06359051592103078,-0.05127048890709893
46.65,-0.06608880072651452,-0.04864403948952652
46.7,-0.06845327829207672,-0.04591910251450882
46.75,-0.07067916135905201,-0.04310119505110462
46.8,-0.07276194327531617,-0.04019602240122052
46.85,-0.07469740711964626,-0.03720946654817344
46.9,-0.07648163423948111,-0.03414757424760914
46.95,-0.07811101218480516,-0.03101654478488566
47.0,-0.07958224202209108,-0.02782271742372454
47.05,-0.08089234501350408,-0.02457255857151078
47.1,-0.08203866864784021,-0.021272648687231013
47.15,-0.08301889201098972,-0.01792966895853124
47.2,-0.08383103048505017,-0.014550387774844842
47.25,-0.08447343976656595,-0.011141647023964541
47.3,-0.08494481919575557,-0.0077103482397675605
47.35,-0.08524421438997487,-0.00426343862912801
47.4,-0.08537101917609517,-0.0008078970064778698
47.45,-0.08532497681810981,0.002649280335010422
47.5,-0.08510618053664225,0.006101093790272347
47.55,-0.08471507331991063,0.009540554614807293
47.6,-0.084152447026762,0.012960699074725706
47.65,-0.083419440783504,0.01635460254545769
47.7,-0.08251753867754417,0.019715393531834727
47.75,-0.08144856675265737,0.02303626758032901
47.8,-0.08021468931184302,0.02631050105581625
47.85,-0.07881840453531065,0.029531464754674608
47.9,-0.07726253942240657,0.03269263732683776
47.95,-0.07555024406771428,0.03578761847954108
48.0,-0.07368498528288524,0.038810141936021454
48.05,-0.07167053957754084,0.04175408812263012
48.1,-0.06951098551484483,0.04461349655585943
48.15,-0.06721069545376891,0.0473825779092962
48.2,-0.06477432669664682,0.05005572573612712
48.25,-0.0622068120597618,0.05262752782099991
48.3,-0.059513349885786174,0.05509277713917463
48.35,-0.05669939351829682,0.05744648240043322
48.4,-0.05377064025979396,0.05968387815585072
48.45,-0.050733019835821534,0.061800434446397254
48.5,-0.047592682388845495,0.06379186597358984
48.55,-0.04435598602638712,0.06565414077393081
48.6,-0.041029483948635745,0.06738348838024245
48.65,-0.037619911181404904,0.06897640745422076
48.7,-0.03413417094098422,0.07042967287522567
48.75,-0.030579320659367283,0.07174034227225012
48.8,-0.02696255769796118,0.0729057619854361
48.85,-0.023291204769410486,0.07392357243787905
48.9,-0.019572695110694174,0.0747917129125316
48.95,-0.015814557433911955,0.07550842572322247
49.0,-0.01202440068369252,0.07607225977270463
49.05,-0.008209898632035913,0.07648207349042013
49.1,-0.0043787743417779326,0.07673703714383658
49.15,-0.0005387845301553103,0.07683663451853896
49.2,0.0033022961358483904,0.07678066396356813
49.25,0.0071366907805392905,0.07656923879983224
49.3,0.01095663606503717,0.07620278709083898
49.35,0.014754397905425817,0.07568205077599932
49.4,0.01852228713164584,0.07500808416852324
49.45,0.0222526750554682,0.07418225182077634
49.5,0.025938008915994827,0.0732062257615077
49.55,0.029570827171436935,0.0720819821105133
49.6,0.033143774606192715,0.07081179707759538
49.65,0.03664961722264286,0.06939824235391963
49.7,0.04008125688751684,0.06784417990508897
49.75,0.043431745703161447,0.06615275617650393
49.8,0.046694300074629644,0.06432739572272216
49.85,0.049862314444096105,0.062371794273740476
49.9,0.05292937466479917,0.06028991125225025
49.95,0.0558892709874383,0.058085961757023394
50.0,0.05873601063272975,0.055764408028688636
50.05,0.0614638299250132,0.05332995041738248
50.1,0.0640672059621734,0.05078751787038194
50.15,0.06654086779740613,0.04814225794847054
50.2,0.0688798071110439,0.0453995264027045
50.25,0.07107928835063175,0.042564876330554044
50.3,0.0731348583187368,0.03964404693252616
50.35,0.07504235518907802,0.03664295189207274
50.4,0.0767979169327341,0.033567667402297524
50.45,0.07839798913737804,0.03042441986372147
50.5,0.07983933220370631,0.027219573278006462
50.55,0.08111902790450425,0.023959616363151085
50.6,0.08223448529306229,0.020651149416236952
50.65,0.0831834459489838,0.017300870950304897
50.7,0.08396398855076086,0.013915564132389762
50.75,0.08457453276585165,0.010502083050162784
50.8,0.08501384245038103,0.0070673388349490555
50.85,0.08528102815197412,0.0036182856692078377
50.9,0.08537554891064936,0.0001619067067826275
50.95,0.08529721335411566,-0.0032948000655900395
51.0,0.08504618008527676,-0.006744835996572164
51.05,0.08462295736121385,-0.010181215940326864
51.1,0.08402840206378982,-0.01359698240027033
51.15,0.08326371796467749,-0.01698521961557192
51.2,0.08233045328813592,-0.020339067563150393
51.25,0.08123049757638319,-0.02365173584679224
51.3,0.07996607786387759,-0.026916517445422998
51.35,0.07853975416824965,-0.030126802292624485
51.4,0.07695441430698269,-0.03327609065994988
51.45,0.07521326805040966,-0.03635800631688041
51.5,0.07331984062363514,-0.03936630943954925
51.55,0.07127796556944078,-0.04229490924281554
51.6,0.06909177698689241,-0.045137876312008066
51.65,0.06676570116147831,-0.04788945460786183
51.7,0.06430444760351019,-0.05054407312091524
51.75,0.06171299951284221,-0.05309635715182064
51.8,0.058996603689147505,-0.05554113919456035
51.85,0.05616075990823071,-0.05787346940010262
51.9,0.05321120978605832,-0.06008862559875068
51.95,0.05015392515332151,-0.06218212286045834
52.0,0.046995095964342794,-0.06414972257376284
52.05,0.043741117764916175,-0.06598744102545152
52.1,0.0403985787443731,-0.06769155746440852
52.15,0.036974246397818405,-0.06925862163404381
52.2,0.03347505382669986,-0.07068546075979962
52.25,0.029908085705043806,-0.07196918597691908
52.3,0.02628056392846289,-0.07310719817957378
52.35,0.02259983299114607,-0.0740971932831045
52.4,0.01887334511631717,-0.07493716688750794
52.45,0.015108645168551345,-0.07562541833477855
52.5,0.011313355378423456,-0.07616055415180235
52.55,0.007495159910377764,-0.07654149087166257
52.6,0.0036617893050840114,-0.07676745722746003
52.65,-0.00017899517219292392,-0.07683799571407499
52.7,-0.004019417245494565,-0.07675296351465055
52.75,-0.007851701372488496,-0.07651253278986642
52.8,-0.01166808848730504,-0.07611719032952893
52.85,-0.015460851710048804,-0.07556773656691884
52.9,-0.019222311991101165,-0.07486528395828258
52.95,-0.022944853658607624,-0.0740112547304435
53.0,-0.026620939837622967,-0.07300737800126852
53.05,-0.030243127709727025,-0.07185568627875158
53.1,-0.03380408358219504,-0.07055851134581113
53.15,-0.03729659773621914,-0.06911847953914584
53.2,-0.04071359902412157,-0.06753850643167876
53.25,-0.04404816918599017,-0.06582179092938048
53.3,-0.047293556856764535,-0.06397180879442121
53.35,-0.050443191235400565,-0.06199230560777491
53.4,-0.053490695388444476,-0.05988728918553622
53.45,-0.05642989916108785,-0.05766102146431802
53.5,-0.05925485166955667,-0.0553180098721834
53.55,-0.06195983334956652,-0.05286299820260798
53.6,-0.06453936753688858,-0.05030095701295267
53.65,-0.06698823155618501,-0.047637073564428624
53.7,-0.0693014672948124,-0.04487674131476959
53.75,-0.07147439124123053,-0.04202554899733963
53.8,-0.07350260396744582,-0.03908926930558424
53.85,-0.07538199903627384,-0.03607384720509463
53.9,-0.07710877131539888,-0.032985387896961656
53.95,-0.07867942468140676,-0.02983014445677791
54.0,-0.08009077909819225,-0.026614505174337617
54.05,-0.08133997705542147,-0.02334498061963201
54.1,-0.08242448935400928,-0.02002819046133603
54.15,-0.08334212022690062,-0.016670850064445478
54.2,-0.08409101178478597,-0.01327975689417963
54.25,-0.08466964777774241,-0.009861776753664358
54.3,-0.08507685666518103,-0.0064238298832246035
54.35,-0.08531181398787492,-0.0029728769494211725
54.4,-0.08537404403725886,0.00048409504782099405
54.45,-0.0852634208186127,0.003940086921479648
54.5,-0.08498016830614825,0.007388101468436416
54.55,-0.08452485998960493,0.01082115763647338
54.6,-0.08389841771301751,0.01423230465884203
54.65,-0.0831021098082293,0.017614636127426038
54.7,-0.08213754852686346,0.02096130397617376
54.75,-0.081006686775964,0.0242655323462051
54.8,-0.07971181416395545,0.027520631304655832
54.85,-0.07825555236496465,0.030720010389522552
54.9,-0.07664084981087291,0.03385719195277334
54.95,-0.074870975721872,0.036925824274971264
55.0,-0.07294951348761891,0.0399196944248457
55.05,-0.07088035341235019,0.04283274083791
55.1,-0.06866768483859743,0.04565906558881707
55.15,-0.06631598766536646,0.048392946332775785
55.2,-0.06383002327784992,0.05102884789196046
55.25,-0.06121482490696466,0.05356143346339085
55.3,-0.058475687438206206,0.05598557542532406
55.35,-0.05561815669056123,0.0582963657197864
55.4,-0.05264801818740212,0.060489125789714805
55.45,-0.049571285442373554,0.06255941605035437
55.5,-0.04639418778421335,0.06450304487595666
55.55,-0.04312315774517547,0.06631607708427854
55.6,-0.03976481803841622,0.06799484190257014
55.65,-0.036325968152083436,0.06953594040091891
55.7,-0.03281357058715731,0.07093625237742897
55.75,-0.02923473675306811,0.07219294267700088
55.8,-0.025596712567946118,0.07330346693210966
55.85,-0.021906863788616768,0.07426557671253638
55.9,-0.018172661098021466,0.07507732407652876
55.95,-0.014401664980112267,0.07573706551418324
56.0,-0.010601510412807547,0.07624346527489709
56.05,-0.006779891409976458,0.07659549807196357
56.1,-0.0029445454437893063,0.07679245115867747
56.15,0.000896762220995965,0.07683392577162368
56.2,0.004736254249066265,0.07671983793821192
56.25,0.008566156981029867,0.0764504186468034
56.3,0.01237871617246262,0.07602621337910619
56.35,0.016166212693646195,0.07544808100573651
56.4,0.01992097815818585,0.07471719204733815
56.45,0.02363541044890278,0.07383502630465374
56.5,0.027301989109535817,0.07280336986242639
56.55,0.03091329057111393,0.07162431147314512
56.6,0.0344620031821541,0.0703002383279964
56.65,0.037940942012259546,0.06883383122353338
56.7,0.041343063399147735,0.06722805913387266
56.75,0.044661479209641544,0.06548617319941107
56.8,0.047889470785763076,0.06361170014421941
56.85,0.051020502547681215,0.06160843513546522
56.9,0.05404823522597774,0.05948043409933141
56.95,0.05696653869644773,0.05723200550900189
57.0,0.05976950439144146,0.05486770166135635
57.05,0.06245145726263649,0.05239230946005684
57.1,0.06500696727103565,0.04981084072378207
57.15,0.0674308603815233,0.047128522043156214
57.2,0.06971822903889754,0.04435078420093985
57.25,0.0718644421035583,0.041483251171358725
57.3,0.07386515422789844,0.03853172873276408
57.35,0.07571631465406936,0.03550219271268509
57.4,0.07741417541530494,0.032400776888672496
57.45,0.07895529892420786,0.0292337605694206
57.5,0.08033656493263522,0.026007555881329365
57.55,0.08155517684910313,0.02272869478621929
57.6,0.08260866740091631,0.019403815856487164
57.65,0.08349490362956108,0.016039650834454265
57.7,0.08421209120924704,0.012643011003097351
57.75,0.0847587780798456,0.009220773395746147
57.8,0.08513385738686796,0.005779866872633525
57.85,0.08533656972252018,0.0023272580924806885
57.9,0.08536650466329186,-0.0011300625925007792
57.95,0.08522360160095784,-0.004585095289648535
58.0,0.08490814986523951,-0.008030844738373316
58.05,0.08442078813818751,-0.011460334472906699
58.1,0.08376250316085405,-0.014866620947839422
58.15,0.08293462773550443,-0.018242807596437267
58.2,0.08193883802703654,-0.021582058794092033
58.25,0.08077715016927393,-0.024877613698227597
58.3,0.07945191618293702,-0.02812279993672266
58.35,0.07796581921361934,-0.03131104711706214
58.4,0.0763218680994038,-0.034435900128880384
58.45,0.07452339127913288,-0.03749103221299734
58.5,0.07257403005365272,-0.04047025777055977
58.55,0.07047773121363865,-0.04336754488648962
58.6,0.06823873904886947,-0.04617702754202905
58.65,0.06586158675504389,-0.048893017491785894
58.7,0.06335108725544517,-0.051510015781271366
58.75,0.0607123234559934,-0.05402272388145255
58.8,0.05795063795343671,-0.056426054417430226
58.85,0.05507162221767948,-0.05871514146900402
58.9,0.052081105270400274,-0.060885350421893566
58.95,0.048985141883140855,-0.06293228734959769
59.0,0.04579000031891743,-0.06485180790740351
59.05,0.04250214964209074,-0.06664002572135101
59.1,0.039128246623677386,-0.06829332025723879
59.15,0.035675122269462005,-0.06980834415365916
59.2,0.03214976798143389,-0.0711820300019409
59.25,0.028559321400371807,-0.07241159655809569
59.3,0.02491105195496754,-0.07349455437198735
59.35,0.021212346144273544,-0.074428710826196
59.4,0.0174706925831121,-0.07521217457455481
59.45,0.013693666840595831,-0.0758433593712604
59.5,0.00988891610246519,-0.07632098728259913
59.55,0.006064143688279675,-0.07664409127459205
59.6,0.0022270934548685667,-0.07681201717118878
59.65,-0.0016144658823510577,-0.07682442497895899
59.7,-0.005452756478418506,-0.07668128957559571
59.75,-0.009280007106344919,-0.07638290076087235
59.8,-0.01308846889124816,-0.07592986266988393
59.85,-0.016870430999205616,-0.07532309254988159
59.9,-0.02061823624907874,-0.07456381890316885
59.95,-0.024324296615711696,-0.07365357899979129
60.0,-0.027981108593100067,-0.07259421576508314
60.05,-0.03158126838644338,-0.07138787404835699
60.1,-0.03511748690230824,-0.07003699628028288
60.15,-0.03858260450655663,-0.06854431752773767
60.2,-0.041969605520161386,-0.06691285995613518
60.25,-0.04527163242354506,-0.06514592671045363
60.3,-0.048481999740696106,-0.06324709522734649
60.35,-0.051594207574938315,-0.06122020999188419
60.4,-0.054601954768954394,-0.059069374753624365
60.45,-0.057499151662424614,-0.05679894421775507
60.5,-0.06027993242144433,-0.05441351522818153
60.55,-0.06293866691477505,-0.05191791746039958
60.6,-0.0654699721128793,-0.04931720364303216
60.65,-0.06786872298672104,-0.04661663932808862
60.7,-0.07013006288499674,-0.04382169223533279
60.75,-0.07224941336736042,-0.04093802118213766
60.8,-0.07422248347371563,-0.03797146462138959
60.85,-0.07604527841185316,-0.034928028820173304
60.9,-0.07771410764545943,-0.03181387569895521
60.95,-0.07922559236612052,-0.02863531035570528
61.0,-0.08057667233419377,-0.02539876830021897
61.05,-0.0817646120747084,-0.02211080242447026
61.1,-0.08278700641574706,-0.018778069735371376
61.15,-0.08364178535809806,-0.0154073178767825
61.2,-0.08432721826631771,-0.012005371468034137
61.25,-0.0848419173727102,-0.008579118286615419
61.3,-0.08518484058712865,-0.005135495322966367
61.35,-0.08535529360689914,-0.001681474735603553
61.4,-0.0853529313225901,0.0017759502650062644
61.45,-0.08517775851675097,0.0052297795753164745
61.5,-0.084830129854237,0.008673020371508064
61.55,-0.08431074916426436,0.012098701267347592
61.6,-0.08362066801520932,0.015499886429426502
61.65,-0.08276128358558947,0.01886968961973803
61.7,-0.08173433583515846,0.022201288138210085
61.75,-0.08054190398206543,0.025487936636359496
61.8,-0.07918640229312435,0.028722980774324506
61.85,-0.07767057519578731,0.031899870693480464
61.9,-0.07599749172170024,0.035012174277434006
61.95,-0.07417053929310219,0.038053590174569045
62.0,-0.07219341686462627,0.041017960555871286
62.05,-0.0700701274343434,0.04389928358232794
62.1,-0.0678049699391476,0.046691725556784226
62.15,-0.06540253055080973,0.04938963273573527
62.2,-0.06286767339024826,0.05198754277709759
62.25,-0.06020553067880907,0.054480195800533864
62.3,-0.057421492346567536,0.056862545037538265
62.35,-0.054521195118900384,0.05912976704923948
62.4,-0.05151051110368956,0.061277271490997307
62.45,-0.04839553590248746,0.06330071040419785
62.5,-0.04518257626978329,0.06519598701714857
62.55,-0.041878137346818334,0.06695926403915609
62.6,-0.038488909498030334,0.06858697143122455
62.65,-0.03502175475734239,0.07007581363780066
62.7,-0.03148369293183654,0.0714227762619541
62.75,-0.027881887389307684,0.07262513216657052
62.8,-0.02422363055540305,0.07368044699420034
62.85,-0.020516329149529663,0.07458658409475653
62.9,-0.01676748918927442,0.07534170885111166
62.95,-0.012984700793611864,0.07594429239360657
63.0,-0.00917562284621323,0.07639311477810228
