time,susceptible,infected,recovered
0.0,17620.0,199.0,35.0
0.1,17620.0,198.6023977347993,35.39760226520072
0.2,17620.0,198.2055898794537,35.79441012054631
0.3,17620.0,197.80957484673007,36.190425153269956
0.4,17620.0,197.41435105257258,36.58564894742742
0.5,17620.0,197.01991691608438,36.98008308391564
0.6,17620.0,196.62627085952482,37.37372914047519
0.7,17620.0,196.23341130830894,37.76658869169108
0.8,17620.0,195.84133669098955,38.15866330901047
0.9,17620.0,195.45004543928025,38.549954560719776
1.0,17620.0,195.05953598802446,38.940464011975564
1.1,17620.0,194.66980677518117,39.33019322481885
1.2,17620.0,194.2808562418249,39.71914375817512
1.3,17620.0,193.89268283214574,40.10731716785428
1.4,17620.0,193.50528499344932,40.494715006550685
1.5,17620.0,193.1186611761468,40.88133882385323
1.6,17620.0,192.7328098337295,41.26719016627051
1.7,17620.0,192.34772942281592,41.65227057718408
1.8,17620.0,191.96341840309478,42.03658159690523
1.9,17620.0,191.57987523731867,42.420124762681326
2.0,17620.0,191.1970983913042,42.80290160869583
2.1,17620.0,190.81508633393173,43.184913666068276
2.2,17620.0,190.43383753714565,43.56616246285436
2.3,17620.0,190.05335047595426,43.94664952404576
2.4,17620.0,189.67362362841067,44.32637637158935
2.5,17620.0,189.29465547557558,44.70534452442442
2.6,17620.0,188.9164445016177,45.08355549838232
2.7,17620.0,188.53898919371852,45.46101080628149
2.8,17620.0,188.16228804206224,45.83771195793777
2.9,17620.0,187.78633953983567,46.21366046016434
3.0,17620.0,187.41114218322824,46.58885781677177
3.1,17620.0,187.03669447143204,46.963305528567965
3.2,17620.0,186.66299490664176,47.33700509335825
3.3,17620.0,186.29004199405472,47.70995800594528
3.4,17620.0,185.91783424187093,48.08216575812907
3.5,17620.0,185.54637016126907,48.45362983873093
3.6,17620.0,185.17564826633176,48.82435173366823
3.7,17620.0,184.80566707422378,49.19433292577623
3.8,17620.0,184.43642510506268,49.56357489493731
3.9,17620.0,184.06792088189803,49.932079118101974
4.0,17620.0,183.70015293071117,50.29984706928883
4.1,17620.0,183.33311978041544,50.66688021958456
4.2,17620.0,182.96681996285596,51.03318003714402
4.3,17620.0,182.6012520128099,51.398747987190106
4.4,17620.0,182.23641446798612,51.76358553201387
4.5,17620.0,181.87230586902555,52.12769413097445
4.6,17620.0,181.50892475950093,52.49107524049906
4.7,17620.0,181.1462696859169,52.853730314083094
4.8,17620.0,180.78433919761662,53.21566080238339
4.9,17620.0,180.4231318468251,53.5768681531749
5.0,17620.0,180.0626461887962,53.937353811203806
5.1,17620.0,179.70288078163895,54.29711921836103
5.2,17620.0,179.34383418631566,54.65616581368433
5.3,17620.0,178.98550496664177,55.01449503335822
5.4,17620.0,178.62789168928597,55.37210831071403
5.5,17620.0,178.2709929237701,55.72900707622989
5.6,17620.0,177.9148072424693,56.08519275753072
5.7,17620.0,177.55933322061176,56.440666779388245
5.8,17620.0,177.20456943627903,56.79543056372097
5.9,17620.0,176.85051447040576,57.14948552959423
6.0,17620.0,176.4971669067798,57.502833093220204
6.1,17620.0,176.14452533204232,57.85547466795768
6.2,17620.0,175.79258833565166,58.20741166434834
6.3,17620.0,175.4413545097141,58.55864549028589
6.4,17620.0,175.090822449366,58.90917755063401
6.5,17620.0,174.7409907525634,59.25900924743661
6.6,17620.0,174.39185802003,59.60814197996998
6.7,17620.0,174.04342285525723,59.95657714474278
6.8,17620.0,173.69568386450396,60.30431613549604
6.9,17620.0,173.34863965679682,60.65136034320317
7.0,17620.0,173.00228884393005,60.99771115606996
7.1,17620.0,172.65663004046544,61.34336995953456
7.2,17620.0,172.3116618637325,61.6883381362675
7.3,17620.0,171.96738293382833,62.03261706617167
7.4,17620.0,171.62379187361762,62.37620812638239
7.5,17620.0,171.28088730873273,62.71911269126726
7.6,17620.0,170.93866786757366,63.06133213242634
7.7,17620.0,170.59713218130804,63.402867818691966
7.8,17620.0,170.2562788838072,63.74372111619279
7.9,17620.0,169.91610661146706,64.08389338853293
8.0,17620.0,169.57661400369514,64.42338599630486
8.1,17620.0,169.23779970262234,64.76220029737766
8.2,17620.0,168.8996623530562,65.10033764694379
8.3,17620.0,168.56220060248094,65.43779939751904
8.4,17620.0,168.22541310105746,65.77458689894254
8.5,17620.0,167.88929850162324,66.11070149837674
8.6,17620.0,167.55385545969253,66.44614454030746
8.7,17620.0,167.2190826334562,66.7809173665438
8.8,17620.0,166.8849786837817,67.11502131621828
8.9,17620.0,166.5515422742133,67.44845772578671
9.0,17620.0,166.21877207097174,67.78122792902825
9.1,17620.0,165.88666674295462,68.11333325704537
9.2,17620.0,165.55522496173603,68.44477503826396
9.3,17620.0,165.22444540156687,68.77555459843313
9.4,17620.0,164.89432673937458,69.10567326062542
9.5,17620.0,164.56486765475603,69.43513234524396
9.6,17620.0,164.2360668296665,69.76393317033349
9.7,17620.0,163.9079229488887,70.09207705111129
9.8,17620.0,163.58043469998282,70.41956530001718
9.9,17620.0,163.25360077309054,70.74639922690947
10.0,17620.0,162.92741986093517,71.07258013906483
10.1,17620.0,162.6018906588216,71.39810934117841
10.2,17620.0,162.27701186463625,71.72298813536374
10.3,17620.0,161.9527821788472,72.04721782115281
10.4,17620.0,161.62920030450397,72.37079969549602
10.5,17620.0,161.30626494723782,72.69373505276216
10.6,17620.0,160.98397481526143,73.01602518473855
10.7,17620.0,160.6623286193692,73.33767138063081
10.8,17620.0,160.3413250729369,73.65867492706307
10.9,17620.0,160.02096289192215,73.97903710807785
11.0,17620.0,159.7012407948639,74.2987592051361
11.1,17620.0,159.38215750288282,74.61784249711717
11.2,17620.0,159.06371173968108,74.93628826031893
11.3,17620.0,158.74590223154252,75.2540977684575
11.4,17620.0,158.4287277072597,75.5712722927403
11.5,17620.0,158.1121868978364,75.88781310216359
11.6,17620.0,157.7962785372099,76.2037214627901
11.7,17620.0,157.4810013618855,76.51899863811452
11.8,17620.0,157.16635411085213,76.83364588914789
11.9,17620.0,156.85233552558245,77.14766447441757
12.0,17620.0,156.53894435003275,77.46105564996724
12.1,17620.0,156.22617933064305,77.77382066935697
12.2,17620.0,155.91403921633693,78.08596078366307
12.3,17620.0,155.6025227585217,78.39747724147828
12.4,17620.0,155.29162871108838,78.70837128891161
12.5,17620.0,154.98135583041162,79.01864416958838
12.6,17620.0,154.67170287534967,79.32829712465032
12.7,17620.0,154.36266860724456,79.63733139275544
12.8,17620.0,154.05425178992192,79.94574821007808
12.9,17620.0,153.74645118969107,80.25354881030894
13.0,17620.0,153.439265575345,80.56073442465501
13.1,17620.0,153.13269371816034,80.86730628183966
13.2,17620.0,152.82673439189745,81.17326560810257
13.3,17620.0,152.52138637280024,81.47861362719975
13.4,17620.0,152.21664843946854,81.78335156053146
13.5,17620.0,151.91251937261922,82.08748062738078
13.6,17620.0,151.6089979558748,82.3910020441252
13.7,17620.0,151.3060829752973,82.6939170247027
13.8,17620.0,151.00377321933283,82.99622678066717
13.9,17620.0,150.70206747881156,83.29793252118844
14.0,17620.0,150.4009645469477,83.5990354530523
14.1,17620.0,150.10046321933962,83.8995367806604
14.2,17620.0,149.80056229396962,84.1994377060304
14.3,17620.0,149.50126057120417,84.49873942879584
14.4,17620.0,149.20255685379377,84.79744314620623
14.5,17620.0,148.90444994687303,85.09555005312696
14.6,17620.0,148.6069386579606,85.3930613420394
14.7,17620.0,148.31002179695915,85.68997820304085
14.8,17620.0,148.0136981761555,85.98630182384451
14.9,17620.0,147.71796661022046,86.28203338977953
15.0,17620.0,147.422825916209,86.577174083791
15.1,17620.0,147.1282749135601,86.87172508643992
15.2,17620.0,146.83431242409677,87.16568757590322
15.3,17620.0,146.54093727202627,87.45906272797374
15.4,17620.0,146.24814828393963,87.75185171606037
15.5,17620.0,145.95594428864794,88.04405571135206
15.6,17620.0,145.66432411697292,88.33567588302708
15.7,17620.0,145.37328660259098,88.62671339740903
15.8,17620.0,145.08283058150954,88.91716941849047
15.9,17620.0,144.79295489201985,89.20704510798015
16.0,17620.0,144.50365837469698,89.49634162530305
16.1,17620.0,144.21493987239973,89.78506012760029
16.2,17620.0,143.92679823027078,90.07320176972924
16.3,17620.0,143.63923229573655,90.36076770426345
16.4,17620.0,143.35224091850736,90.64775908149265
16.5,17620.0,143.06582295057723,90.93417704942279
16.6,17620.0,142.77997724622398,91.22002275377602
16.7,17620.0,142.49470266200936,91.50529733799064
16.8,17620.0,142.2099980567788,91.7900019432212
16.9,17620.0,141.92586229166156,92.07413770833845
17.0,17620.0,141.64229423007075,92.35770576992928
17.1,17620.0,141.35929273770319,92.64070726229683
17.2,17620.0,141.0768566825396,92.92314331746041
17.3,17620.0,140.7949849348445,93.20501506515551
17.4,17620.0,140.51367636716614,93.48632363283389
17.5,17620.0,140.23292985433656,93.76707014566344
17.6,17620.0,139.95274427347175,94.04725572652826
17.7,17620.0,139.6731185037511,94.3268814962489
17.8,17620.0,139.3940514263003,94.6059485736997
17.9,17620.0,139.11554192502993,94.8844580749701
18.0,17620.0,138.8375888860655,95.16241111393451
18.1,17620.0,138.56019119771636,95.43980880228365
18.2,17620.0,138.28334775047557,95.71665224952446
18.3,17620.0,138.00705743701988,95.99294256298015
18.4,17620.0,137.73131915220986,96.26868084779015
18.5,17620.0,137.4561317930898,96.54386820691022
18.6,17620.0,137.18149425888774,96.81850574111229
18.7,17620.0,136.90740545101542,97.0925945489846
18.8,17620.0,136.6338642730684,97.3661357269316
18.9,17620.0,136.36086963082596,97.63913036917405
19.0,17620.0,136.0884204322511,97.91157956774893
19.1,17620.0,135.81651558749056,98.18348441250946
19.2,17620.0,135.54515400887487,98.45484599112514
19.3,17620.0,135.2743346109183,98.72566538908171
19.4,17620.0,135.00405631031882,98.9959436896812
19.5,17620.0,134.73431802595817,99.26568197404184
19.6,17620.0,134.46511867890186,99.53488132109817
19.7,17620.0,134.19645719239912,99.80354280760089
19.8,17620.0,133.92833249188297,100.07166750811706
19.9,17620.0,133.66074350497007,100.33925649502993
20.0,17620.0,133.39368916107887,100.60631083892115
20.1,17620.0,133.12716839172052,100.8728316082795
20.2,17620.0,132.8611801310171,101.13881986898292
20.3,17620.0,132.59572331517725,101.40427668482278
20.4,17620.0,132.33079688249427,101.66920311750576
20.5,17620.0,132.06639977334606,101.93360022665394
20.6,17620.0,131.80253093019527,102.19746906980475
20.7,17620.0,131.53918929758908,102.46081070241094
20.8,17620.0,131.27637382215937,102.72362617784063
20.9,17620.0,131.01408345262269,102.98591654737731
21.0,17620.0,130.7523171397802,103.24768286021984
21.1,17620.0,130.49107383651764,103.50892616348237
21.2,17620.0,130.23035249780557,103.76964750219445
21.3,17620.0,129.97015208069902,104.029847919301
21.4,17620.0,129.71047154433776,104.28952845566224
21.5,17620.0,129.45130984994623,104.54869015005379
21.6,17620.0,129.1926659608334,104.80733403916662
21.7,17620.0,128.93453884239298,105.06546115760703
21.8,17620.0,128.6769274621033,105.3230725378967
21.9,17620.0,128.4198307895274,105.58016921047263
22.0,17620.0,128.16324779631276,105.83675220368724
22.1,17620.0,127.90717745619182,106.0928225438082
22.2,17620.0,127.65161874498132,106.3483812550187
22.3,17620.0,127.39657064052285,106.60342935947716
22.4,17620.0,127.14203212214314,106.85796787785688
22.5,17620.0,126.88800217173026,107.11199782826975
22.6,17620.0,126.63447977335635,107.36552022664367
22.7,17620.0,126.38146391308067,107.61853608691935
22.8,17620.0,126.12895357894956,107.87104642105045
22.9,17620.0,125.87694776099654,108.12305223900347
23.0,17620.0,125.62544545124221,108.3745545487578
23.1,17620.0,125.37444564369433,108.62555435630568
23.2,17620.0,125.12394733434776,108.87605266565225
23.3,17620.0,124.87394952118449,109.12605047881553
23.4,17620.0,124.62445120417362,109.37554879582639
23.5,17620.0,124.37545138527142,109.6245486147286
23.6,17620.0,124.12694906842124,109.87305093157877
23.7,17620.0,123.87894325955358,110.12105674044643
23.8,17620.0,123.63143296658603,110.36856703341398
23.9,17620.0,123.38441719942335,110.61558280057666
24.0,17620.0,123.1378949699574,110.86210503004261
24.1,17620.0,122.89186529206717,111.10813470793285
24.2,17620.0,122.64632718161876,111.35367281838126
24.3,17620.0,122.40127965646543,111.59872034353458
24.4,17620.0,122.15672173644751,111.8432782635525
24.5,17620.0,121.91265244339249,112.08734755660753
24.6,17620.0,121.66907080111501,112.330929198885
24.7,17620.0,121.42597583541284,112.57402416458717
24.8,17620.0,121.18336657352786,112.81663342647215
24.9,17620.0,120.94124204486232,113.0587579551377
25.0,17620.0,120.69960128112469,113.30039871887533
25.1,17620.0,120.4584433159151,113.54155668408491
25.2,17620.0,120.21776718472543,113.78223281527458
25.3,17620.0,119.97757192493921,114.0224280750608
25.4,17620.0,119.73785657583166,114.26214342416836
25.5,17620.0,119.49862017856968,114.50137982143033
25.6,17620.0,119.25986177621189,114.74013822378812
25.7,17620.0,119.0215804137086,114.97841958629141
25.8,17620.0,118.78377513790177,115.21622486209824
25.9,17620.0,118.54644499752507,115.45355500247494
26.0,17620.0,118.30958904320387,115.69041095679614
26.1,17620.0,118.0732063274552,115.92679367254482
26.2,17620.0,117.83729590468783,116.16270409531218
26.3,17620.0,117.60185683120213,116.39814316879789
26.4,17620.0,117.36688816519028,116.63311183480974
26.5,17620.0,117.13238896673606,116.86761103326396
26.6,17620.0,116.89835829781492,117.10164170218509
26.7,17620.0,116.66479522229415,117.33520477770587
26.8,17620.0,116.43169880593248,117.56830119406753
26.9,17620.0,116.19906811638059,117.80093188361943
27.0,17620.0,115.96690222318065,118.03309777681936
27.1,17620.0,115.73520019776667,118.26479980223334
27.2,17620.0,115.50396111344453,118.49603888655548
27.3,17620.0,115.27318404480104,118.72681595519897
27.4,17620.0,115.04286806865169,118.95713193134833
27.5,17620.0,114.81301226393468,119.18698773606533
27.6,17620.0,114.583615711387,119.41638428861302
27.7,17620.0,114.35467749354436,119.64532250645566
27.8,17620.0,114.12619669474122,119.87380330525879
27.9,17620.0,113.89817240111081,120.1018275988892
28.0,17620.0,113.67060370058505,120.32939629941497
28.1,17620.0,113.44348968289462,120.55651031710539
28.2,17620.0,113.21682943956898,120.78317056043103
28.3,17620.0,112.99062206393627,121.00937793606374
28.4,17620.0,112.76486665112344,121.23513334887657
28.5,17620.0,112.53956229805613,121.46043770194389
28.6,17620.0,112.31470810345873,121.68529189654129
28.7,17620.0,112.09030316785442,121.9096968321456
28.8,17620.0,111.86634659356504,122.13365340643497
28.9,17620.0,111.64283748471127,122.35716251528875
29.0,17620.0,111.41977494721242,122.5802250527876
29.1,17620.0,111.19715808878665,122.80284191121336
29.2,17620.0,110.97498601895083,123.02501398104918
29.3,17620.0,110.75325784902054,123.24674215097947
29.4,17620.0,110.53197269211013,123.46802730788988
29.5,17620.0,110.31112966313262,123.6888703368674
29.6,17620.0,110.09072787879995,123.90927212120008
29.7,17620.0,109.87076645762262,124.12923354237739
29.8,17620.0,109.65124451962821,124.3487554803718
29.9,17620.0,109.4321611862808,124.56783881371922
30.0,17620.0,109.21351558143846,124.78648441856156
30.1,17620.0,108.99530683069655,125.00469316930347
30.2,17620.0,108.77753406135896,125.22246593864105
30.3,17620.0,108.56019640243822,125.43980359756179
30.4,17620.0,108.34329298465546,125.65670701534455
30.5,17620.0,108.12682294044038,125.87317705955964
30.6,17620.0,107.9107854039313,126.08921459606871
30.7,17620.0,107.69517951097512,126.30482048902489
30.8,17620.0,107.48000439912738,126.51999560087263
30.9,17620.0,107.26525920765218,126.73474079234784
31.0,17620.0,107.05094307752223,126.94905692247778
31.1,17620.0,106.83705515141884,127.16294484858118
31.2,17620.0,106.62359457373192,127.3764054262681
31.3,17620.0,106.41056049055999,127.58943950944003
31.4,17620.0,106.19795204971015,127.80204795028986
31.5,17620.0,105.98576840069813,128.0142315993019
31.6,17620.0,105.77400869474819,128.22599130525182
31.7,17620.0,105.56267208479326,128.43732791520674
31.8,17620.0,105.3517577254749,128.6482422745251
31.9,17620.0,105.14126477314313,128.85873522685688
32.0,17620.0,104.93119238585666,129.06880761414337
32.1,17620.0,104.72153972338288,129.27846027661715
32.2,17620.0,104.51230594719756,129.48769405280245
32.3,17620.0,104.30349022048536,129.69650977951466
32.4,17620.0,104.09509170780156,129.90490829219846
32.5,17620.0,103.88710957514641,130.11289042485362
32.6,17620.0,103.67954299079142,130.3204570092086
32.7,17620.0,103.47239112464334,130.5276088753567
32.8,17620.0,103.26565314823047,130.73434685176954
32.9,17620.0,103.05932823470255,130.94067176529748
33.0,17620.0,102.85341555883083,131.1465844411692
33.1,17620.0,102.64791429700806,131.35208570299199
33.2,17620.0,102.44282362724847,131.55717637275157
33.3,17620.0,102.2381427291878,131.76185727081224
33.4,17620.0,102.03387078408325,131.96612921591677
33.5,17620.0,101.83000697481354,132.1699930251865
33.6,17620.0,101.62655048587887,132.37344951412115
33.7,17620.0,101.42350050340094,132.5764994965991
33.8,17620.0,101.22085621512295,132.77914378487708
33.9,17620.0,101.01861681040955,132.98138318959047
34.0,17620.0,100.81678148024689,133.18321851975313
34.1,17620.0,100.61534941724268,133.38465058275736
34.2,17620.0,100.41431981562606,133.58568018437398
34.3,17620.0,100.21369187124769,133.78630812875235
34.4,17620.0,100.01346478157964,133.98653521842039
34.5,17620.0,99.81363774571561,134.1863622542844
34.6,17620.0,99.6142099643707,134.38579003562933
34.7,17620.0,99.41518063988148,134.58481936011856
34.8,17620.0,99.21654897620616,134.78345102379387
34.9,17620.0,99.0183141789242,134.9816858210758
35.0,17620.0,98.8204754551268,135.17952454487323
35.1,17620.0,98.62303201292616,135.37696798707387
35.2,17620.0,98.42598306263542,135.5740169373646
35.3,17620.0,98.2293278162428,135.77067218375723
35.4,17620.0,98.03306548727409,135.96693451272594
35.5,17620.0,97.83719529079268,136.16280470920734
35.6,17620.0,97.64171644339956,136.35828355660047
35.7,17620.0,97.44662816323327,136.55337183676676
35.8,17620.0,97.25192966997,136.74807033003003
35.9,17620.0,97.05762018482343,136.9423798151766
36.0,17620.0,96.8636989305449,137.13630106945513
36.1,17620.0,96.67016513142329,137.32983486857674
36.2,17620.0,96.47701801328512,137.5229819867149
36.3,17620.0,96.28425680349447,137.71574319650557
36.4,17620.0,96.09188073095294,137.9081192690471
36.5,17620.0,95.89988902609981,138.10011097390023
36.6,17620.0,95.7082809209119,138.29171907908812
36.7,17620.0,95.51705564890362,138.48294435109642
36.8,17620.0,95.32621244512698,138.67378755487306
36.9,17620.0,95.13575054617154,138.86424945382848
37.0,17620.0,94.94566919016447,139.05433080983556
37.1,17620.0,94.75596761677058,139.24403238322947
37.2,17620.0,94.5666450671921,139.43335493280793
37.3,17620.0,94.37770078416901,139.62229921583102
37.4,17620.0,94.18913401197885,139.81086598802116
37.5,17620.0,94.00094399643665,139.9990560035634
37.6,17620.0,93.81312998489514,140.1868700151049
37.7,17620.0,93.62569122598556,140.37430877401445
37.8,17620.0,93.43862696949381,140.56137303050622
37.9,17620.0,93.25193646733736,140.74806353266266
38.0,17620.0,93.06561897292436,140.9343810270757
38.1,17620.0,92.8796737411199,141.1203262588801
38.2,17620.0,92.69410002824613,141.3058999717539
38.3,17620.0,92.50889709208212,141.4911029079179
38.4,17620.0,92.32406419186393,141.6759358081361
38.5,17620.0,92.13960058828464,141.8603994117154
38.6,17620.0,91.95550554349427,142.04449445650576
38.7,17620.0,91.77177832109986,142.22822167890016
38.8,17620.0,91.58841818616546,142.41158181383457
38.9,17620.0,91.405424405212,142.594575594788
39.0,17620.0,91.22279624621751,142.77720375378252
39.1,17620.0,91.04053297861697,142.95946702138306
39.2,17620.0,90.85863387330228,143.14136612669776
39.3,17620.0,90.67709820262243,143.3229017973776
39.4,17620.0,90.49592524038331,143.5040747596167
39.5,17620.0,90.31511426184787,143.68488573815216
39.6,17620.0,90.13466454373595,143.8653354562641
39.7,17620.0,89.95457536422445,144.0454246357756
39.8,17620.0,89.77484600294727,144.22515399705276
39.9,17620.0,89.5954757409952,144.40452425900483
40.0,17620.0,89.4164638609161,144.58353613908392
40.1,17620.0,89.23780964671482,144.7621903532852
40.2,17620.0,89.0595123838531,144.94048761614692
40.3,17620.0,88.88157135924978,145.11842864075024
40.4,17620.0,88.70398586107406,145.29601413892595
40.5,17620.0,88.52675517850102,145.473244821499
40.6,17620.0,88.34987860275889,145.65012139724115
40.7,17620.0,88.17335542650952,145.8266445734905
40.8,17620.0,87.99718494379452,146.00281505620552
40.9,17620.0,87.82136645003521,146.17863354996481
41.0,17620.0,87.6458992420327,146.35410075796733
41.1,17620.0,87.47078261796783,146.52921738203221
41.2,17620.0,87.29601587740117,146.70398412259885
41.3,17620.0,87.12159832127308,146.87840167872693
41.4,17620.0,86.94752925190363,147.0524707480964
41.5,17620.0,86.77380797299266,147.2261920270074
41.6,17620.0,86.60043378961973,147.3995662103803
41.7,17620.0,86.42740600824416,147.57259399175587
41.8,17620.0,86.25472393670509,147.74527606329494
41.9,17620.0,86.08238688422126,147.91761311577875
42.0,17620.0,85.91039416139128,148.08960583860875
42.1,17620.0,85.73874508019347,148.26125491980656
42.2,17620.0,85.56743895398587,148.43256104601414
42.3,17620.0,85.39647509750633,148.6035249024937
42.4,17620.0,85.22585282687237,148.77414717312766
42.5,17620.0,85.05557145958133,148.9444285404187
42.6,17620.0,84.88563031451027,149.11436968548975
42.7,17620.0,84.71602871191598,149.28397128808405
42.8,17620.0,84.546765973435,149.453234026565
42.9,17620.0,84.37784142208366,149.62215857791637
43.0,17620.0,84.209254382258,149.79074561774203
43.1,17620.0,84.04100417969288,149.95899582030717
43.2,17620.0,83.87309014090665,150.1269098590934
43.3,17620.0,83.70551159422163,150.2944884057784
43.4,17620.0,83.5382678694991,150.46173213050093
43.5,17620.0,83.37135829790626,150.62864170209377
43.6,17620.0,83.20478221191621,150.79521778808382
43.7,17620.0,83.03853894530792,150.9614610546921
43.8,17620.0,82.87262783316626,151.12737216683377
43.9,17620.0,82.70704821188197,151.29295178811805
44.0,17620.0,82.5417994191517,151.4582005808483
44.1,17620.0,82.37688079397799,151.62311920602204
44.2,17620.0,82.21229167666925,151.78770832333078
44.3,17620.0,82.04803140883979,151.95196859116024
44.4,17620.0,81.88409933340982,152.11590066659022
44.5,17620.0,81.7204947946054,152.27950520539463
44.6,17620.0,81.55721713795855,152.4427828620415
44.7,17620.0,81.39426571030707,152.60573428969295
44.8,17620.0,81.23163985979477,152.76836014020526
44.9,17620.0,81.0693389358713,152.93066106412874
45.0,17620.0,80.90736228929214,153.0926377107079
45.1,17620.0,80.74570927211876,153.25429072788125
45.2,17620.0,80.58437923771845,153.41562076228158
45.3,17620.0,80.42337154076439,153.57662845923565
45.4,17620.0,80.2626855372357,153.73731446276435
45.5,17620.0,80.10232058441731,153.89767941558273
45.6,17620.0,79.94227604090015,154.05772395909986
45.7,17620.0,79.78255126658095,154.21744873341908
45.8,17620.0,79.62314562266234,154.37685437733768
45.9,17620.0,79.46405847145215,154.5359415285479
46.0,17620.0,79.30528917614478,154.69471082385525
46.1,17620.0,79.14683710180539,154.85316289819465
46.2,17620.0,78.98870161478268,155.01129838521734
46.3,17620.0,78.8308820826608,155.16911791733924
46.4,17620.0,78.67337787425926,155.32662212574078
46.5,17620.0,78.51618835963293,155.48381164036712
46.6,17620.0,78.35931291007213,155.6406870899279
46.7,17620.0,78.20275089810255,155.7972491018975
46.8,17620.0,78.04650169748525,155.9534983025148
46.9,17620.0,77.8905646832167,156.10943531678336
47.0,17620.0,77.73493923152873,156.2650607684713
47.1,17620.0,77.57962471988861,156.42037528011144
47.2,17620.0,77.42462052699898,156.57537947300108
47.3,17620.0,77.26992603279784,156.7300739672022
47.4,17620.0,77.11554061845861,156.88445938154143
47.5,17620.0,76.9614636663901,157.03853633360993
47.6,17620.0,76.80769456023654,157.19230543976352
47.7,17620.0,76.65423268487746,157.3457673151226
47.8,17620.0,76.50107742642784,157.4989225735722
47.9,17620.0,76.34822817223807,157.651771827762
48.0,17620.0,76.19568431089387,157.80431568910618
48.1,17620.0,76.04344523221643,157.95655476778362
48.2,17620.0,75.89151032726227,158.10848967273776
48.3,17620.0,75.73987898832333,158.26012101167672
48.4,17620.0,75.58855060892687,158.41144939107318
48.5,17620.0,75.4375245838356,158.56247541616443
48.6,17620.0,75.28680030904773,158.7131996909523
48.7,17620.0,75.13637718150743,158.86362281849264
48.8,17620.0,74.98625459914936,159.0137454008507
48.9,17620.0,74.8364319616477,159.16356803835234
49.0,17620.0,74.68690866985851,159.31309133014153
49.1,17620.0,74.53768412580598,159.46231587419408
49.2,17620.0,74.38875773268255,159.61124226731752
49.3,17620.0,74.24012889484884,159.7598711051512
49.4,17620.0,74.09179701783368,159.9082029821664
49.5,17620.0,73.94376150833413,160.05623849166594
49.6,17620.0,73.79602177421543,160.20397822578462
49.7,17620.0,73.64857722451103,160.35142277548903
49.8,17620.0,73.5014272694226,160.49857273057745
49.9,17620.0,73.35457132032,160.64542867968004
50.0,17620.0,73.20800878974131,160.79199121025874
50.1,17620.0,73.0617390913928,160.93826090860728
50.2,17620.0,72.91576164014894,161.0842383598511
50.3,17620.0,72.77007585205246,161.2299241479476
50.4,17620.0,72.6246811443142,161.37531885568586
50.5,17620.0,72.47957693531332,161.52042306468675
50.6,17620.0,72.33476264459706,161.66523735540298
50.7,17620.0,72.190237692881,161.80976230711906
50.8,17620.0,72.04600150204882,161.95399849795123
50.9,17620.0,71.90205349515246,162.09794650484758
51.0,17620.0,71.75839309641206,162.24160690358798
51.1,17620.0,71.61501973121592,162.38498026878415
51.2,17620.0,71.47193282612061,162.52806717387944
51.3,17620.0,71.32913180885089,162.67086819114917
51.4,17620.0,71.18661610829967,162.81338389170037
51.5,17620.0,71.04438515428058,162.95561484571948
51.6,17620.0,70.90243837748396,163.0975616225161
51.7,17620.0,70.76077521027382,163.23922478972622
51.8,17620.0,70.61939508613963,163.38060491386042
51.9,17620.0,70.47829743967507,163.521702560325
52.0,17620.0,70.3374817065781,163.66251829342195
52.1,17620.0,70.19694732365099,163.80305267634907
52.2,17620.0,70.05669372880021,163.94330627119984
52.3,17620.0,69.91672036103657,164.0832796389635
52.4,17620.0,69.7770266604751,164.22297333952497
52.5,17620.0,69.63761206833512,164.36238793166495
52.6,17620.0,69.4984760269402,164.50152397305985
52.7,17620.0,69.35961797971821,164.64038202028183
52.8,17620.0,69.22103737120129,164.77896262879875
52.9,17620.0,69.0827336470258,164.91726635297425
53.0,17620.0,68.94470625393242,165.05529374606763
53.1,17620.0,68.80695463976608,165.19304536023398
53.2,17620.0,68.66947825347597,165.33052174652408
53.3,17620.0,68.5322765451156,165.46772345488446
53.4,17620.0,68.39534896584263,165.60465103415743
53.5,17620.0,68.25869496791911,165.74130503208093
53.6,17620.0,68.12231400471136,165.87768599528872
53.7,17620.0,67.98620553068984,166.01379446931023
53.8,17620.0,67.85036900142946,166.14963099857061
53.9,17620.0,67.71480387360921,166.28519612639084
54.0,17620.0,67.5795096050125,166.42049039498755
54.1,17620.0,67.44448565452693,166.5555143454731
54.2,17620.0,67.30973148214443,166.69026851785563
54.3,17620.0,67.17524654883859,166.82475345116146
54.4,17620.0,67.04103031623089,166.95896968376914
54.5,17620.0,66.90708224754735,167.0929177524527
54.6,17620.0,66.77340180713792,167.22659819286213
54.7,17620.0,66.63998846039607,167.36001153960396
54.8,17620.0,66.50684167375876,167.49315832624129
54.9,17620.0,66.37396091470642,167.62603908529363
55.0,17620.0,66.24134565176301,167.75865434823703
55.1,17620.0,66.10899535449597,167.89100464550407
55.2,17620.0,65.97690949351625,168.0230905064838
55.3,17620.0,65.84508754047827,168.15491245952177
55.4,17620.0,65.71352896807997,168.2864710319201
55.5,17620.0,65.58223325006277,168.41776674993727
55.6,17620.0,65.45119986121162,168.54880013878844
55.7,17620.0,65.32042827735492,168.67957172264514
55.8,17620.0,65.1899179753646,168.81008202463545
55.9,17620.0,65.05966843315605,168.94033156684398
56.0,17620.0,64.92967912968821,169.07032087031183
56.1,17620.0,64.79994954496347,169.20005045503657
56.2,17620.0,64.67047916002775,169.32952083997228
56.3,17620.0,64.54126745697044,169.45873254302958
56.4,17620.0,64.41231391892443,169.58768608107562
56.5,17620.0,64.28361803006612,169.7163819699339
56.6,17620.0,64.15517927561541,169.84482072438465
56.7,17620.0,64.02699714183562,169.97300285816442
56.8,17620.0,63.899071116033745,170.1009288839663
56.9,17620.0,63.771400686560106,170.22859931343993
57.0,17620.0,63.64398534280855,170.35601465719148
57.1,17620.0,63.516824575203394,170.48317542479666
57.2,17620.0,63.389917874736646,170.6100821252634
57.3,17620.0,63.26326473369283,170.73673526630722
57.4,17620.0,63.13686464560533,170.86313535439473
57.5,17620.0,63.01071710499334,170.9892828950067
57.6,17620.0,62.88482160736183,171.11517839263823
57.7,17620.0,62.759177649201575,171.24082235079848
57.8,17620.0,62.633784727989145,171.36621527201092
57.9,17620.0,62.50864234218687,171.49135765781318
58.0,17620.0,62.38374999124289,171.61625000875716
58.1,17620.0,62.259107175591154,171.7408928244089
58.2,17620.0,62.13471339665138,171.86528660334866
58.3,17620.0,62.01056815682909,171.98943184317096
58.4,17620.0,61.88667095951558,172.11332904048447
58.5,17620.0,61.76302130908794,172.2369786909121
58.6,17620.0,61.63961871090909,172.36038128909095
58.7,17620.0,61.5164626713277,172.48353732867236
58.8,17620.0,61.39355269767824,172.6064473023218
58.9,17620.0,61.27088829828096,172.7291117017191
59.0,17620.0,61.14846898244194,172.8515310175581
59.1,17620.0,61.02629426045299,172.97370573954706
59.2,17620.0,60.9043636435918,173.09563635640825
59.3,17620.0,60.78267664412178,173.21732335587828
59.4,17620.0,60.66123277529212,173.33876722470794
59.5,17620.0,60.540031551337876,173.45996844866218
59.6,17620.0,60.41907248747983,173.58092751252022
59.7,17620.0,60.298355099924564,173.70164490007548
59.8,17620.0,60.177878905864496,173.82212109413555
59.9,17620.0,60.05764342347777,173.9423565765223
60.0,17620.0,59.93764817175982,174.06235182824022
60.1,17620.0,59.817892670352805,174.18210732964724
60.2,17620.0,59.69837644034948,174.30162355965058
60.3,17620.0,59.5790990038114,174.42090099618866
60.4,17620.0,59.46005988373116,174.5399401162689
60.5,17620.0,59.34125860403243,174.6587413959676
60.6,17620.0,59.22269468956991,174.77730531043014
60.7,17620.0,59.104367666129356,174.8956323338707
60.8,17620.0,58.98627706042758,175.01372293957246
60.9,17620.0,58.86842240011242,175.13157759988763
61.0,17620.0,58.75080321376277,175.2491967862373
61.1,17620.0,58.633419030888604,175.36658096911145
61.2,17620.0,58.516269381930904,175.48373061806916
61.3,17620.0,58.39935379826173,175.60064620173833
61.4,17620.0,58.282671812184155,175.7173281878159
61.5,17620.0,58.16622295693236,175.8337770430677
61.6,17620.0,58.0500067666715,175.94999323332857
61.7,17620.0,57.93402277649785,176.06597722350222
61.8,17620.0,57.818270522438695,176.18172947756136
61.9,17620.0,57.70274954145236,176.2972504585477
62.0,17620.0,57.587459371428274,176.41254062857178
62.1,17620.0,57.472399551186825,176.52760044881325
62.2,17620.0,57.357569620479524,176.64243037952053
62.3,17620.0,57.24296911998892,176.75703088001114
62.4,17620.0,57.12859759132862,176.87140240867143
62.5,17620.0,57.014454577043196,176.98554542295685
62.6,17620.0,56.90053962060837,177.0994603793917
62.7,17620.0,56.78685226643088,177.21314773356917
62.8,17620.0,56.673392059847075,177.326607940153
62.9,17620.0,56.56015854674073,177.43984145325933
63.0,17620.0,56.44715127402084,177.55284872597923
63.1,17620.0,56.33436978979385,177.66563021020622
63.2,17620.0,56.221813643045344,177.77818635695473
63.3,17620.0,56.10948238364009,177.89051761635997
63.4,17620.0,55.99737556232199,178.00262443767807
63.5,17620.0,55.88549273071411,178.11450726928595
63.6,17620.0,55.77383344131868,178.22616655868137
63.7,17620.0,55.662397247517085,178.33760275248298
63.8,17620.0,55.55118370356987,178.44881629643018
63.9,17620.0,55.44019236461672,178.55980763538335
64.0,17620.0,55.32942278667652,178.67057721332355
64.1,17620.0,55.21887452664727,178.7811254733528
64.2,17620.0,55.10854714230612,178.89145285769393
64.3,17620.0,54.998440192309445,179.00155980769063
64.4,17620.0,54.88855323619269,179.11144676380738
64.5,17620.0,54.77888583437055,179.2211141656295
64.6,17620.0,54.669437548136806,179.33056245186327
64.7,17620.0,54.56020793966438,179.4397920603357
64.8,17620.0,54.451196572005465,179.54880342799459
64.9,17620.0,54.342403009091285,179.6575969909088
65.0,17620.0,54.233826815732314,179.76617318426776
65.1,17620.0,54.125467557618116,179.87453244238196
65.2,17620.0,54.01732480131746,179.9826751986826
65.3,17620.0,53.90939811427824,180.0906018857218
65.4,17620.0,53.80168706482755,180.1983129351725
65.5,17620.0,53.69419122217157,180.3058087778285
65.6,17620.0,53.58691015639571,180.41308984360435
65.7,17620.0,53.47984343842508,180.520156561575
65.8,17620.0,53.372990639630494,180.62700936036958
65.9,17620.0,53.26635133259983,180.73364866740025
66.0,17620.0,53.159925090898206,180.84007490910187
66.1,17620.0,53.0537114889207,180.9462885110794
66.2,17620.0,52.94771010189237,181.0522898981077
66.3,17620.0,52.84192050586836,181.15807949413173
66.4,17620.0,52.73634227773372,181.26365772226634
66.5,17620.0,52.630974995203594,181.36902500479647
66.6,17620.0,52.525818236823056,181.474181763177
66.7,17620.0,52.42087158196721,181.57912841803287
66.8,17620.0,52.31613461084118,181.68386538915888
66.9,17620.0,52.21160690448006,181.78839309552
67.0,17620.0,52.10728804474899,181.8927119552511
67.1,17620.0,52.003177614343066,181.996822385657
67.2,17620.0,51.8992751967874,182.10072480321267
67.3,17620.0,51.79558037643715,182.20441962356293
67.4,17620.0,51.69209273847739,182.30790726152267
67.5,17620.0,51.5888118689233,182.41118813107676
67.6,17620.0,51.485737354619985,182.5142626453801
67.7,17620.0,51.382868783242564,182.6171312167575
67.8,17620.0,51.280205743296214,182.71979425670386
67.9,17620.0,51.17774782411605,182.82225217588402
68.0,17620.0,51.07549461586723,182.92450538413286
68.1,17620.0,50.973445709544876,183.0265542904552
68.2,17620.0,50.87160069697414,183.12839930302593
68.3,17620.0,50.76995917081021,183.23004082918987
68.4,17620.0,50.66852072453819,183.33147927546187
68.5,17620.0,50.56728495247329,183.43271504752678
68.6,17620.0,50.46625144966968,183.5337485503304
68.7,17620.0,50.365419811640926,183.63458018835914
68.8,17620.0,50.264789635125496,183.73521036487458
68.9,17620.0,50.164360517714655,183.83563948228542
69.0,17620.0,50.06413205778322,183.93586794221684
69.1,17620.0,49.964103854489416,184.03589614551066
69.2,17620.0,49.86427550777494,184.13572449222514
69.3,17620.0,49.764646618365006,184.23535338163506
69.4,17620.0,49.66521678776823,184.33478321223183
69.5,17620.0,49.565985618276756,184.4340143817233
69.6,17620.0,49.46695271296615,184.53304728703392
69.7,17620.0,49.368117675695444,184.63188232430463
69.8,17620.0,49.26948011110719,184.73051988889287
69.9,17620.0,49.17103962462733,184.82896037537273
70.0,17620.0,49.072795822465366,184.9272041775347
70.1,17620.0,48.974748311614185,185.02525168838588
70.2,17620.0,48.87689669985016,185.12310330014992
70.3,17620.0,48.779240595733164,185.2207594042669
70.4,17620.0,48.68177960860651,185.31822039139357
70.5,17620.0,48.58451334859699,185.41548665140309
70.6,17620.0,48.487441426614865,185.5125585733852
70.7,17620.0,48.39056345435383,185.60943654564625
70.8,17620.0,48.2938790442911,185.70612095570897
70.9,17620.0,48.197387809687314,185.80261219031274
71.0,17620.0,48.101089364586606,185.89891063541344
71.1,17620.0,48.004983323816596,185.99501667618347
71.2,17620.0,47.90906930298827,186.0909306970118
71.3,17620.0,47.81334691849623,186.18665308150383
71.4,17620.0,47.71781578751842,186.28218421248164
71.5,17620.0,47.62247552788902,186.37752447211105
71.6,17620.0,47.527325757928516,186.47267424207155
71.7,17620.0,47.43236609712569,186.56763390287438
71.8,17620.0,47.33759616574591,186.66240383425415
71.9,17620.0,47.24301558479394,186.75698441520612
72.0,17620.0,47.148623976014015,186.85137602398606
72.1,17620.0,47.05442096188978,186.94557903811028
72.2,17620.0,46.960406165644294,187.03959383435577
72.3,17620.0,46.8665792112401,187.13342078875996
72.4,17620.0,46.77293972337913,187.22706027662093
72.5,17620.0,46.67948732750279,187.32051267249727
72.6,17620.0,46.58622164979189,187.4137783502082
72.7,17620.0,46.49314231716665,187.5068576828334
72.8,17620.0,46.4002489572868,187.59975104271328
72.9,17620.0,46.30754119855143,187.69245880144865
73.0,17620.0,46.2150186700991,187.78498132990097
73.1,17620.0,46.122681001807806,187.87731899819227
73.2,17620.0,46.03052782429496,187.9694721757051
73.3,17620.0,45.93855876891742,188.06144123108265
73.4,17620.0,45.846773467771456,188.15322653222862
73.5,17620.0,45.75517155369282,188.24482844630725
73.6,17620.0,45.66375266025664,188.33624733974344
73.7,17620.0,45.57251642177753,188.42748357822254
73.8,17620.0,45.48146247330949,188.51853752669058
73.9,17620.0,45.39059045064598,188.6094095493541
74.0,17620.0,45.29989999031993,188.70010000968014
74.1,17620.0,45.209390729603605,188.79060927039646
74.2,17620.0,45.11906230650882,188.88093769349126
74.3,17620.0,45.0289143597867,188.97108564021337
74.4,17620.0,44.93894652878904,189.061053471211
74.5,17620.0,44.849158453352565,189.15084154664748
74.6,17620.0,44.7595497744162,189.24045022558386
74.7,17620.0,44.670120133642946,189.32987986635712
74.8,17620.0,44.580869173393644,189.41913082660642
74.9,17620.0,44.49179653672687,189.5082034632732
75.0,17620.0,44.402901867399024,189.59709813260105
75.1,17620.0,44.31418480986426,189.6858151901358
75.2,17620.0,44.225645009274515,189.77435499072556
75.3,17620.0,44.137282111479564,189.86271788852048
75.4,17620.0,44.049095763026905,189.95090423697314
75.5,17620.0,43.96108561116188,190.03891438883818
75.6,17620.0,43.87325130382756,190.12674869617248
75.7,17620.0,43.785592489664836,190.2144075103352
75.8,17620.0,43.69810881801239,190.30189118198766
75.9,17620.0,43.610799938906666,190.3892000610934
76.0,17620.0,43.52366550308193,190.47633449691813
76.1,17620.0,43.43670516197019,190.56329483802986
76.2,17620.0,43.34991856770126,190.6500814322988
76.3,17620.0,43.26330537310275,190.7366946268973
76.4,17620.0,43.17686523170005,190.8231347683
76.5,17620.0,43.09059779771633,190.90940220228373
76.6,17620.0,43.004502726072566,190.9954972739275
76.7,17620.0,42.91857967238747,191.0814203276126
76.8,17620.0,42.83282829297763,191.16717170702242
76.9,17620.0,42.747248244857296,191.25275175514275
77.0,17620.0,42.66183918573862,191.33816081426144
77.1,17620.0,42.576600774031505,191.42339922596855
77.2,17620.0,42.49153266884357,191.50846733115648
77.3,17620.0,42.406634529853356,191.5933654701467
77.4,17620.0,42.32190601718798,191.67809398281207
77.5,17620.0,42.23734679201784,191.76265320798223
77.6,17620.0,42.15295651619891,191.84704348380114
77.7,17620.0,42.06873485224556,191.9312651477545
77.8,17620.0,41.98468146333063,192.01531853666944
77.9,17620.0,41.90079601328529,192.09920398671477
78.0,17620.0,41.81707816659919,192.18292183340088
78.1,17620.0,41.733527588420344,192.2664724115797
78.2,17620.0,41.65014394455519,192.34985605544486
78.3,17620.0,41.5669269014686,192.43307309853145
78.4,17620.0,41.48387612628381,192.51612387371625
78.5,17620.0,41.40099128678251,192.59900871321756
78.6,17620.0,41.318272051404776,192.6817279485953
78.7,17620.0,41.23571808924908,192.76428191075098
78.8,17620.0,41.15332907007235,192.8466709299277
78.9,17620.0,41.07110466428989,192.92889533571017
79.0,17620.0,40.98904454297542,193.01095545702464
79.1,17620.0,40.90714837786107,193.092851622139
79.2,17620.0,40.82541584133737,193.1745841586627
79.3,17620.0,40.743846606453296,193.25615339354675
79.4,17620.0,40.662440346916185,193.33755965308387
79.5,17620.0,40.58119673709183,193.41880326290823
79.6,17620.0,40.50011545200441,193.49988454799566
79.7,17620.0,40.41919616733651,193.58080383266355
79.8,17620.0,40.33843855942915,193.66156144057092
79.9,17620.0,40.2578423052817,193.74215769471837
80.0,17620.0,40.17740708255202,193.82259291744805
80.1,17620.0,40.097132569556344,193.90286743044373
80.2,17620.0,40.01701844517089,193.98298155482917
80.3,17620.0,39.93706438866105,194.06293561133901
80.4,17620.0,39.8572700802796,194.14272991972047
80.5,17620.0,39.77763520093846,194.2223647990616
80.6,17620.0,39.6981594321707,194.30184056782934
80.7,17620.0,39.61884245613057,194.38115754386948
80.8,17620.0,39.53968395559358,194.46031604440648
80.9,17620.0,39.46068361395636,194.5393163860437
81.0,17620.0,39.38184111523679,194.61815888476326
81.1,17620.0,39.3031561440739,194.69684385592615
81.2,17620.0,39.22462838572794,194.7753716142721
81.3,17620.0,39.14625752608036,194.8537424739197
81.4,17620.0,39.068043251633775,194.93195674836628
81.5,17620.0,38.989985249512024,195.01001475048804
81.6,17620.0,38.91208320746013,195.08791679253994
81.7,17620.0,38.83433681384428,195.16566318615577
81.8,17620.0,38.75674575765191,195.24325424234814
81.9,17620.0,38.67930972849162,195.32069027150843
82.0,17620.0,38.6020284165932,195.39797158340687
82.1,17620.0,38.52490151280763,195.47509848719244
82.2,17620.0,38.447928708607094,195.55207129139296
82.3,17620.0,38.37110969608498,195.62889030391509
82.4,17620.0,38.29444416795585,195.7055558320442
82.5,17620.0,38.217931817555495,195.78206818244456
82.6,17620.0,38.14157233884084,195.85842766115923
82.7,17620.0,38.065365426390045,195.93463457361003
82.8,17620.0,37.989310775402465,196.0106892245976
82.9,17620.0,37.91340808169864,196.08659191830142
83.0,17620.0,37.837657041720306,196.16234295827974
83.1,17620.0,37.76205735246804,196.237942647532
83.2,17620.0,37.68660871126933,196.3133912887307
83.3,17620.0,37.61131081637202,196.38868918362803
83.4,17620.0,37.53616336667073,196.46383663332932
83.5,17620.0,37.46116606164617,196.5388339383539
83.6,17620.0,37.38631860136503,196.613681398635
83.7,17620.0,37.31162068648004,196.68837931352002
83.8,17620.0,37.23707201822999,196.76292798177008
83.9,17620.0,37.16267229843964,196.8373277015604
84.0,17620.0,37.08842122951984,196.91157877048022
84.1,17620.0,37.014318514467426,196.9856814855326
84.2,17620.0,36.94036385686528,197.05963614313478
84.3,17620.0,36.86655696088233,197.1334430391177
84.4,17620.0,36.79289753127349,197.20710246872656
84.5,17620.0,36.71938527337975,197.2806147266203
84.6,17620.0,36.6460198931281,197.35398010687194
84.7,17620.0,36.572801097031544,197.4271989029685
84.8,17620.0,36.49972859218918,197.50027140781089
84.9,17620.0,36.426802086286045,197.573197913714
85.0,17620.0,36.3540212875933,197.64597871240676
85.1,17620.0,36.28138590496806,197.718614095032
85.2,17620.0,36.20889564785349,197.79110435214656
85.3,17620.0,36.136550226278814,197.86344977372124
85.4,17620.0,36.06434935085923,197.93565064914083
85.5,17620.0,35.99229273279604,198.007707267204
85.6,17620.0,35.9203800838765,198.07961991612353
85.7,17620.0,35.84861111647392,198.15138888352612
85.8,17620.0,35.77698554354767,198.22301445645238
85.9,17620.0,35.70550307864311,198.29449692135694
86.0,17620.0,35.634163435863265,198.36583656413677
86.1,17620.0,35.562966329596264,198.43703367040376
86.2,17620.0,35.49191147505367,198.50808852494637
86.3,17620.0,35.42099858810009,198.57900141189995
86.4,17620.0,35.350227385152934,198.6497726148471
86.5,17620.0,35.27959758318244,198.7204024168176
86.6,17620.0,35.209108899711644,198.79089110028838
86.7,17620.0,35.138761052816385,198.86123894718364
86.8,17620.0,35.06855376112534,198.93144623887468
86.9,17620.0,34.99848674381995,199.0015132561801
87.0,17620.0,34.928559720634524,199.0714402793655
87.1,17620.0,34.858772411856144,199.1412275881439
87.2,17620.0,34.7891245383247,199.21087546167533
87.3,17620.0,34.71961582143292,199.28038417856712
87.4,17620.0,34.650245983126304,199.34975401687373
87.5,17620.0,34.58101474590321,199.41898525409684
87.6,17620.0,34.511921832814764,199.48807816718528
87.7,17620.0,34.442966967464926,199.55703303253512
87.8,17620.0,34.37414987401046,199.62585012598956
87.9,17620.0,34.30547027716094,199.6945297228391
88.0,17620.0,34.23692790217876,199.76307209782127
88.1,17620.0,34.16852247487911,199.83147752512093
88.2,17620.0,34.10025372162998,199.89974627837006
88.3,17620.0,34.03212136935222,199.96787863064782
88.4,17620.0,33.96412514551943,200.0358748544806
88.5,17620.0,33.89626477815806,200.103735221842
88.6,17620.0,33.828539995847365,200.17146000415266
88.7,17620.0,33.760950527719395,200.23904947228064
88.8,17620.0,33.69349610345902,200.30650389654102
88.9,17620.0,33.62617645329853,200.37382354670152
89.0,17620.0,33.558991307756244,200.4410086922438
89.1,17620.0,33.49194039802832,200.50805960197172
89.2,17620.0,33.42502345599348,200.57497654400657
89.3,17620.0,33.35824021405191,200.64175978594812
89.4,17620.0,33.291590405125184,200.70840959487487
89.5,17620.0,33.22507376265637,200.77492623734366
89.6,17620.0,33.15869002060993,200.8413099793901
89.7,17620.0,33.09243891347177,200.90756108652826
89.8,17620.0,33.026320176249264,200.97367982375079
89.9,17620.0,32.960333544471176,201.03966645552887
90.0,17620.0,32.89447875418775,201.1055212458123
90.1,17620.0,32.82875554197065,201.17124445802938
90.2,17620.0,32.763163644912964,201.23683635508706
90.3,17620.0,32.69770280062925,201.3022971993708
90.4,17620.0,32.63237274725546,201.36762725274457
90.5,17620.0,32.56717322344903,201.43282677655102
90.6,17620.0,32.502103968388795,201.49789603161125
90.7,17620.0,32.43716472177505,201.562835278225
90.8,17620.0,32.37235522382952,201.6276447761705
90.9,17620.0,32.307675215295355,201.69232478470468
91.0,17620.0,32.243124437437174,201.75687556256287
91.1,17620.0,32.178702632041016,201.82129736795903
91.2,17620.0,32.11440954141431,201.88559045858574
91.3,17620.0,32.050244908386034,201.949755091614
91.4,17620.0,31.986208476306484,202.01379152369356
91.5,17620.0,31.922299989047488,202.07770001095255
91.6,17620.0,31.858519191002255,202.14148080899778
91.7,17620.0,31.79486582708542,202.20513417291463
91.8,17620.0,31.731339642733108,202.26866035726692
91.9,17620.0,31.667940383726652,202.3320596162734
92.0,17620.0,31.604667796319998,202.39533220368006
92.1,17620.0,31.541521627502828,202.45847837249724
92.2,17620.0,31.47850162475774,202.52149837524232
92.3,17620.0,31.415607536059177,202.58439246394087
92.4,17620.0,31.352839109873344,202.6471608901267
92.5,17620.0,31.290196095158308,202.70980390484175
92.6,17620.0,31.22767824136391,202.77232175863614
92.7,17620.0,31.16528529843181,202.83471470156826
92.8,17620.0,31.103017016795505,202.89698298320454
92.9,17620.0,31.04087314738027,202.9591268526198
93.0,17620.0,30.978853441603228,203.02114655839682
93.1,17620.0,30.916957651373288,203.08304234862678
93.2,17620.0,30.855185529091163,203.1448144709089
93.3,17620.0,30.79353682764942,203.20646317235065
93.4,17620.0,30.73201130043239,203.26798869956767
93.5,17620.0,30.670608701316254,203.32939129868382
93.6,17620.0,30.60932878466899,203.39067121533105
93.7,17620.0,30.548171305350365,203.4518286946497
93.8,17620.0,30.487136018712015,203.51286398128804
93.9,17620.0,30.426222680597338,203.57377731940272
94.0,17620.0,30.365431047341573,203.6345689526585
94.1,17620.0,30.304760875771734,203.69523912422832
94.2,17620.0,30.24421192320669,203.75578807679338
94.3,17620.0,30.183783947457115,203.81621605254296
94.4,17620.0,30.123476706825453,203.8765232931746
94.5,17620.0,30.06328996010604,203.93671003989402
94.6,17620.0,30.00322346658495,203.9967765334151
94.7,17620.0,29.94327698604008,204.05672301395998
94.8,17620.0,29.88345027865448,204.1165497213456
94.9,17620.0,29.82374310491555,204.17625689508452
95.0,17620.0,29.764155226052857,204.2358447739472
95.1,17620.0,29.704686403781796,204.29531359621828
95.2,17620.0,29.645336400281618,204.35466359971844
95.3,17620.0,29.586104978195436,204.41389502180462
95.4,17620.0,29.526991900630176,204.47300809936988
95.5,17620.0,29.467996931156627,204.53200306884344
95.6,17620.0,29.409119833809417,204.59088016619066
95.7,17620.0,29.350360373086993,204.64963962691306
95.8,17620.0,29.291718313951694,204.70828168604837
95.9,17620.0,29.233193421829647,204.76680657817042
96.0,17620.0,29.174785462610863,204.8252145373892
96.1,17620.0,29.116494202649175,204.8835057973509
96.2,17620.0,29.058319408762248,204.94168059123783
96.3,17620.0,29.00026084823163,204.99973915176844
96.4,17620.0,28.942318288802657,205.0576817111974
96.5,17620.0,28.884491498684564,205.1155085013155
96.6,17620.0,28.82678024655038,205.17321975344967
96.7,17620.0,28.769184301536995,205.23081569846306
96.8,17620.0,28.711703433245162,205.2882965667549
96.9,17620.0,28.654337411739437,205.34566258826064
97.0,17620.0,28.59708600754825,205.4029139924518
97.1,17620.0,28.539948991663877,205.4600510083362
97.2,17620.0,28.48292613554238,205.51707386445767
97.3,17620.0,28.426017211103762,205.5739827888963
97.4,17620.0,28.369221990731745,205.6307780092683
97.5,17620.0,28.312540247274015,205.68745975272606
97.6,17620.0,28.25597175404203,205.74402824595805
97.7,17620.0,28.199516284784576,205.80048371521548
97.8,17620.0,28.143173613474293,205.85682638652577
97.9,17620.0,28.08694351474667,205.91305648525338
98.0,17620.0,28.03082576374814,205.96917423625192
98.1,17620.0,27.974820136062544,206.02517986393752
98.2,17620.0,27.918926407711165,206.0810735922889
98.3,17620.0,27.863144355152755,206.13685564484732
98.4,17620.0,27.807473755283468,206.1925262447166
98.5,17620.0,27.751914385436926,206.24808561456314
98.6,17620.0,27.69646602338417,206.30353397661588
98.7,17620.0,27.64112844733368,206.3588715526664
98.8,17620.0,27.5859014359314,206.41409856406867
98.9,17620.0,27.530784768260677,206.46921523173938
99.0,17620.0,27.475778223842333,206.52422177615773
99.1,17620.0,27.4208815826346,206.57911841736546
99.2,17620.0,27.36609462503315,206.6339053749669
99.3,17620.0,27.311417131871124,206.68858286812895
99.4,17620.0,27.256848884419064,206.74315111558099
99.5,17620.0,27.202389664384977,206.79761033561508
99.6,17620.0,27.148039253914305,206.85196074608575
99.7,17620.0,27.093797435589916,206.90620256441014
99.8,17620.0,27.039663992432132,206.96033600756792
99.9,17620.0,26.985638707898698,207.01436129210137
100.0,17620.0,26.931721365884812,207.06827863411525
100.1,17620.0,26.877911750723104,207.12208824927697
100.2,17620.0,26.82420964718365,207.17579035281642
100.3,17620.0,26.770614840473964,207.2293851595261
100.4,17620.0,26.717127116238977,207.2828728837611
100.5,17620.0,26.66374626056109,207.33625373943897
100.6,17620.0,26.610472059959445,207.3895279400406
100.7,17620.0,26.557304301198236,207.44269569880183
100.8,17620.0,26.504242771525927,207.49575722847413
100.9,17620.0,26.45128725876327,207.5487127412368
101.0,17620.0,26.398437551143545,207.60156244885653
101.1,17620.0,26.34569343731254,207.65430656268754
101.2,17620.0,26.293054706328554,207.7069452936715
101.3,17620.0,26.240521147662427,207.75947885233765
101.4,17620.0,26.188092551197492,207.81190744880257
101.5,17620.0,26.135768707229612,207.86423129277046
101.6,17620.0,26.083549406467164,207.91645059353291
101.7,17620.0,26.031434440031028,207.96856555996905
101.8,17620.0,25.97942359945463,208.02057640054545
101.9,17620.0,25.927516676683883,208.0724833233162
102.0,17620.0,25.875713464077243,208.12428653592283
102.1,17620.0,25.824013754405662,208.1759862455944
102.2,17620.0,25.772417340852616,208.22758265914746
102.3,17620.0,25.720924017014106,208.27907598298597
102.4,17620.0,25.669533576898633,208.33046642310143
102.5,17620.0,25.61824581492724,208.38175418507282
102.6,17620.0,25.567060525933464,208.43293947406661
102.7,17620.0,25.515977505163356,208.48402249483672
102.8,17620.0,25.46499654827551,208.53500345172455
102.9,17620.0,25.41411745134101,208.58588254865907
103.0,17620.0,25.363340010843487,208.63665998915658
103.1,17620.0,25.312664023679055,208.687335976321
103.2,17620.0,25.262089287156364,208.7379107128437
103.3,17620.0,25.211615598996584,208.78838440100347
103.4,17620.0,25.161242757333365,208.8387572426667
103.5,17620.0,25.110970560712953,208.88902943928713
103.6,17620.0,25.060798808008563,208.93920119199151
103.7,17620.0,25.010727298366845,208.9892727016332
103.8,17620.0,24.96075583155578,209.0392441684443
103.9,17620.0,24.91088420774539,209.0891157922547
104.0,17620.0,24.861112227494733,209.13888777250534
104.1,17620.0,24.811439691751836,209.18856030824824
104.2,17620.0,24.761866401853723,209.23813359814633
104.3,17620.0,24.712392159526434,209.28760784047364
104.4,17620.0,24.66301676688498,209.3369832331151
104.5,17620.0,24.61374002643339,209.38625997356667
104.6,17620.0,24.564561741064672,209.4354382589354
104.7,17620.0,24.51548171406083,209.48451828593923
104.8,17620.0,24.466499749092886,209.5335002509072
104.9,17620.0,24.41761565022082,209.58238434977926
105.0,17620.0,24.368829221893645,209.63117077810642
105.1,17620.0,24.32014026894935,209.67985973105073
105.2,17620.0,24.27154859661491,209.72845140338515
105.3,17620.0,24.223054010506335,209.77694598949373
105.4,17620.0,24.174656316628578,209.8253436833715
105.5,17620.0,24.12635532137563,209.87364467862443
105.6,17620.0,24.07815083153047,209.9218491684696
105.7,17620.0,24.03004265426504,209.96995734573503
105.8,17620.0,23.982030597140316,210.01796940285976
105.9,17620.0,23.93411446810626,210.0658855318938
106.0,17620.0,23.886294075501834,210.11370592449825
106.1,17620.0,23.838569228054972,210.1614307719451
106.2,17620.0,23.790939734882613,210.20906026511744
106.3,17620.0,23.743405405490712,210.25659459450935
106.4,17620.0,23.695966049774217,210.30403395022586
106.5,17620.0,23.648621477997203,210.35137852200288
106.6,17620.0,23.601371500609098,210.39862849939098
106.7,17620.0,23.55421592861071,210.44578407138937
106.8,17620.0,23.507154573436353,210.49284542656372
106.9,17620.0,23.46018724688711,210.53981275311295
107.0,17620.0,23.41331376113089,210.5866862388692
107.1,17620.0,23.366533928702385,210.6334660712977
107.2,17620.0,23.319847562503075,210.680152437497
107.3,17620.0,23.273254475801266,210.7267455241988
107.4,17620.0,23.22675448223204,210.77324551776803
107.5,17620.0,23.18034739579729,210.8196526042028
107.6,17620.0,23.13403303086571,210.86596696913438
107.7,17620.0,23.087811202172766,210.9121887978273
107.8,17620.0,23.041681724820762,210.95831827517932
107.9,17620.0,22.995644414278768,211.0043555857213
108.0,17620.0,22.94969908638268,211.0503009136174
108.1,17620.0,22.90384555733517,211.0961544426649
108.2,17620.0,22.858083643705704,211.14191635629436
108.3,17620.0,22.812413162430584,211.18758683756948
108.4,17620.0,22.766833930812865,211.2331660691872
108.5,17620.0,22.721345766522447,211.27865423347762
108.6,17620.0,22.675948487595978,211.32405151240408
108.7,17620.0,22.630641912436943,211.36935808756314
108.8,17620.0,22.585425859815608,211.41457414018447
108.9,17620.0,22.540300148869036,211.45969985113103
109.0,17620.0,22.495264599101116,211.50473540089897
109.1,17620.0,22.45031903038249,211.54968096961758
109.2,17620.0,22.405463262950644,211.59453673704942
109.3,17620.0,22.36069711740982,211.63930288259024
109.4,17620.0,22.316020414731103,211.68397958526896
109.5,17620.0,22.27143297611535,211.72856702388472
109.6,17620.0,22.226934623117096,211.77306537688298
109.7,17620.0,22.182525177800088,211.81747482219998
109.8,17620.0,22.138204462574112,211.86179553742596
109.9,17620.0,22.093972300194782,211.9060276998053
110.0,17620.0,22.049828513763583,211.95017148623648
110.1,17620.0,22.005772926727833,211.99422707327224
110.2,17620.0,21.96180536288071,212.03819463711935
110.3,17620.0,21.91792564636126,212.0820743536388
110.4,17620.0,21.874133601654357,212.12586639834572
110.5,17620.0,21.83042905359075,212.16957094640932
110.6,17620.0,21.786811827347023,212.21318817265305
110.7,17620.0,21.743281748445614,212.25671825155445
110.8,17620.0,21.699838642754834,212.30016135724523
110.9,17620.0,21.656482336488814,212.34351766351125
111.0,17620.0,21.613212656207573,212.3867873437925
111.1,17620.0,21.570029428816955,212.4299705711831
111.2,17620.0,21.52693248156866,212.4730675184314
111.3,17620.0,21.483921642060267,212.51607835793982
111.4,17620.0,21.440996738235164,212.5590032617649
111.5,17620.0,21.39815759838264,212.60184240161743
111.6,17620.0,21.355404051137796,212.64459594886227
111.7,17620.0,21.312735925481594,212.68726407451848
111.8,17620.0,21.27015305074088,212.72984694925918
111.9,17620.0,21.227655256588303,212.77234474341176
112.0,17620.0,21.185242373042414,212.81475762695766
112.1,17620.0,21.142914230467582,212.8570857695325
112.2,17620.0,21.100670659574025,212.89932934042605
112.3,17620.0,21.05851149141786,212.9414885085822
112.4,17620.0,21.016436557357668,212.9835634426424
112.5,17620.0,20.97444568893819,213.02555431106188
112.6,17620.0,20.9325387182262,213.0674612817739
112.7,17620.0,20.89071547764243,213.10928452235765
112.8,17620.0,20.848975799933715,213.15102420006636
112.9,17620.0,20.80731951817296,213.19268048182713
113.0,17620.0,20.76574646575918,213.2342535342409
113.1,17620.0,20.724256476417455,213.27574352358263
113.2,17620.0,20.682849384198963,213.31715061580113
113.3,17620.0,20.641525023480984,213.3584749765191
113.4,17620.0,20.600283228966866,213.3997167710332
113.5,17620.0,20.559123835686062,213.440876164314
113.6,17620.0,20.518046678994104,213.481953321006
113.7,17620.0,20.4770515945726,213.52294840542748
113.8,17620.0,20.436138418429287,213.5638615815708
113.9,17620.0,20.39530698689794,213.60469301310215
114.0,17620.0,20.35455713663847,213.6454428633616
114.1,17620.0,20.313888704636835,213.68611129536325
114.2,17620.0,20.273301528205106,213.72669847179498
114.3,17620.0,20.23279544498144,213.76720455501865
114.4,17620.0,20.192370292930075,213.80762970707
114.5,17620.0,20.152025910341347,213.84797408965872
114.6,17620.0,20.111762135831675,213.88823786416842
114.7,17620.0,20.071578808343556,213.92842119165653
114.8,17620.0,20.031475767145597,213.9685242328545
114.9,17620.0,19.991452851832477,214.0085471481676
115.0,17620.0,19.95150990232498,214.04849009767509
115.1,17620.0,19.911646758869967,214.0883532411301
115.2,17620.0,19.871863262040367,214.12813673795972
115.3,17620.0,19.832159252733113,214.16784074726698
115.4,17620.0,19.79253457201445,214.20746542798562
115.5,17620.0,19.752989061340298,214.2470109386598
115.6,17620.0,19.713522562578316,214.28647743742178
115.7,17620.0,19.674134917903608,214.32586508209647
115.8,17620.0,19.63482596979874,214.36517403020133
115.9,17620.0,19.595595561053695,214.4044044389464
116.0,17620.0,19.55644353476591,214.44355646523417
116.1,17620.0,19.51736973434026,214.48263026565982
116.2,17620.0,19.478374003489048,214.52162599651103
116.3,17620.0,19.439456186232043,214.56054381376805
116.4,17620.0,19.400616126896427,214.59938387310365
116.5,17620.0,19.36185367011685,214.63814632988323
116.6,17620.0,19.323168660835385,214.6768313391647
116.7,17620.0,19.284560944301543,214.71543905569854
116.8,17620.0,19.246030366072294,214.7539696339278
116.9,17620.0,19.207576772012025,214.79242322798805
117.0,17620.0,19.16920000829259,214.8307999917075
117.1,17620.0,19.13089992139327,214.8691000786068
117.2,17620.0,19.092676358100764,214.90732364189932
117.3,17620.0,19.054529165509265,214.9454708344908
117.4,17620.0,19.016458191020355,214.98354180897974
117.5,17620.0,18.978463282343096,215.021536717657
117.6,17620.0,18.940544287493964,215.05945571250612
117.7,17620.0,18.90270105479688,215.0972989452032
117.8,17620.0,18.864933432883213,215.13506656711687
117.9,17620.0,18.827241270691786,215.1727587293083
118.0,17620.0,18.789624417468822,215.21037558253127
118.1,17620.0,18.75208272276803,215.24791727723206
118.2,17620.0,18.714616036450533,215.28538396354955
118.3,17620.0,18.6772242086582,215.32277579134188
118.4,17620.0,18.639907089769324,215.36009291023075
118.5,17620.0,18.602664530525264,215.39733546947483
118.6,17620.0,18.565496381966874,215.4345036180332
118.7,17620.0,18.52840249542862,215.47159750457146
118.8,17620.0,18.491382722538596,215.5086172774615
118.9,17620.0,18.454436915218487,215.5455630847816
119.0,17620.0,18.41756492568361,215.58243507431646
119.1,17620.0,18.38076660644289,215.61923339355718
119.2,17620.0,18.34404181029885,215.65595818970124
119.3,17620.0,18.307390390347646,215.69260960965244
119.4,17620.0,18.27081219997904,215.72918780002104
119.5,17620.0,18.23430709287641,215.76569290712368
119.6,17620.0,18.19787492301673,215.80212507698334
119.7,17620.0,18.161515544670607,215.83848445532948
119.8,17620.0,18.125228812402266,215.87477118759782
119.9,17620.0,18.08901458106951,215.91098541893058
120.0,17620.0,18.052872705823795,215.94712729417628
