time,predators,prey
0.0,6.0,23.0
0.05,6.185852941713347,23.049728176975478
0.1,6.378068082342146,23.08821389396667
0.15,6.576718070100536,23.115015897939838
0.2,6.781858164436655,23.129704648910945
0.25,6.993524144427218,23.131865512166463
0.3,7.211730156067943,23.12110213250216
0.35,7.43646652245575,23.09703996384481
0.4,7.667697532398922,23.05932994221068
0.45,7.905359239270797,23.007652266340223
0.5,8.149357314243709,22.941720225267755
0.55,8.399564973340055,22.861284053402258
0.6,8.6558210042032,22.766134800564416
0.65,8.91792799247997,22.656108036609364
0.7,9.185650709969867,22.531087498709017
0.75,9.458714773478096,22.391008502470875
0.8,9.73680560336571,22.235861038945018
0.85,10.019567698965982,22.065692643795725
0.9,10.306604320320877,21.880610732207785
0.95,10.597477581113056,21.680784568325876
1.0,10.891709005222939,21.46644664576645
1.05,11.18878055517887,21.237893495785844
1.1,11.488136217984596,20.9954858563267
1.15,11.7891840248006,20.73964818116668
1.2,12.091298711797156,20.47086740156446
1.25,12.393824795981883,20.18969102026977
1.3,12.696080190804393,19.896724460578874
1.35,12.997360333717099,19.59262767085631
1.4,13.296942613638247,19.27811115875148
1.45,13.594091321771428,18.95393125010552
1.5,13.888062798198959,18.620884880063436
1.55,14.17811081007793,18.279803885635207
1.6,14.463492182791192,17.931548770781404
1.65,14.743472372971326,17.57700228789116
1.7,15.017331067292758,17.217062745270127
1.75,15.284367718202777,16.85263713854636
1.8,15.54390678273973,16.48463439920434
1.85,15.79530273899464,16.113958669519686
1.9,16.03794475591715,15.74150275925006
1.95,16.271260871596628,15.368141995894598
2.0,16.494721739416374,14.994728387070412
2.05,16.70784383559411,14.622085246760562
2.1,16.91019206499731,14.25100241456504
2.15,17.1013818204863,13.882231978033372
2.2,17.281080424874325,13.516484629610126
2.25,17.449007977013697,13.154426688282772
2.3,17.6049376333579,12.796677699974914
2.35,17.74869532019111,12.443808713354501
2.4,17.880158953458068,12.096341156839127
2.45,17.99925714192328,11.754746291307727
2.5,18.105967506389007,11.419445222003331
2.55,18.200314600581333,11.090809403393235
2.6,18.282367484618316,10.769161618776511
2.65,18.35223712439671,10.454777308466559
2.7,18.41007342681052,10.147886334801617
2.75,18.456062309749942,9.848674914219105
2.8,18.49042248246998,9.557287913777172
2.85,18.513402314284797,9.27383122025874
2.9,18.525276609766834,8.998374311339674
2.95,18.526343425579306,8.730952893655193
3.0,18.51692100605263,8.471571546166052
3.05,18.49734468685538,8.22020647168288
3.1,18.467964101700186,7.976808060576658
3.15,18.42914030038999,7.7413036067867615
3.2,18.381243268410646,7.513599710349954
3.25,18.32464936776064,7.29358482275353
3.3,18.25973917603883,7.081131449399193
3.35,18.186895313354142,6.876098429508483
3.4,18.106500600232184,6.678332914306128
3.45,18.018936283336714,6.487672337163211
3.5,17.924580512009314,6.3039461467941535
3.55,17.82380693813642,6.126977465210671
3.6,17.716983505796776,5.956584562079269
3.65,17.60447138428362,5.792582220274319
3.7,17.486624051386016,5.634782953374827
3.75,17.363786516108785,5.482998106172531
3.8,17.236294666385398,5.337038828663423
3.85,17.10447473670854,5.196716945435707
3.9,16.968642886333118,5.0618457055265775
3.95,16.829104869930596,4.932240455886899
4.0,16.686155808586765,4.807719192157332
4.05,16.540080027848912,4.688103068737988
4.1,16.391150981659703,4.573216778460527
4.15,16.239631230467754,4.462888925261323
4.2,16.085772476479583,4.356952268949195
4.25,15.929815659952972,4.2552439731705105
4.3,15.771991073632904,4.157605756010054
4.35,15.612518546893009,4.063884024588908
4.4,15.4516076269015,3.9739299585809786
4.45,15.289457812548834,3.8875995557435403
4.5,15.126258797166653,3.804753657290754
4.55,14.962190723618484,3.7252579345479417
4.6,14.797424478057358,3.6489828602486343
4.65,14.632121948858375,3.5758036601186816
4.7,14.46643635454688,3.505600238587706
4.75,14.300512506949559,3.438257107200156
4.8,14.134487145124565,3.3736632799671273
4.85,13.968489212463398,3.3117121809792556
4.9,13.802640173364754,3.252301525970645
4.95,13.637054306392264,3.1953332102927643
5.0,13.471838995527323,3.140713187516445
5.05,13.307095033506535,3.088351341303958
5.1,13.142916884538618,3.0381613679247885
5.15,12.979392990890773,2.990060636713827
5.2,12.816606012649277,2.9439700773532964
5.25,12.654633122291246,2.8998140381232105
5.3,12.493546234429148,2.8575201735438838
5.35,12.333412273092382,2.8170193102781598
5.4,12.174293400386045,2.7782453314469233
5.45,12.016247250925588,2.7411350552671143
5.5,11.859327160407187,2.7056281159054625
5.55,11.703582367065781,2.6716668566854183
5.6,11.549058238030684,2.6391962090746826
5.65,11.395796443833179,2.6081635983609894
5.7,11.2438351726795,2.578518826762979
5.75,11.09320929236239,2.550213984316419
5.8,10.943950538583366,2.523203344532391
5.85,10.79608767600076,2.4974432742407666
5.9,10.649646655963217,2.4728921450887973
5.95,10.5046507788342,2.4495102413751435
6.0,10.361120823276911,2.427259686581278
6.05,10.21907520453575,2.4061043526283736
6.1,10.078530089101635,2.386009793670171
6.15,9.93949953304902,2.3669431663173564
6.2,9.801995598080682,2.348873161612382
6.25,9.66602846220783,2.331769940808357
6.3,9.531606539949834,2.3156050643456796
6.35,9.398736570390238,2.3003514400149285
6.4,9.267423730795384,2.2859832558023356
6.45,9.137671720469397,2.272475929459815
6.5,9.00948285185565,2.259806054713013
6.55,8.88285814186631,2.247951345824872
6.6,8.75779737962531,2.2368905970320743
6.65,8.634299215926593,2.2266036285774256
6.7,8.512361227172159,2.2170712472538994
6.75,8.391979984871446,2.208275204767642
6.8,8.273151128324427,2.200198152593621
6.85,8.155869414803517,2.192823611181926
6.9,8.040128787352057,2.186135928558977
6.95,7.92592242861785,2.180120246099307
7.0,7.813242807765793,2.1747624699728116
7.05,7.7020817404712165,2.170049233430963
7.1,7.592430427444214,2.1659678720665
7.15,7.4842795015003345,2.162506394976713
7.2,7.377619075831827,2.159653453447039
7.25,7.272438774863679,2.157398321193035
7.3,7.16872777746435,2.155730867475572
7.35,7.066474856060732,2.1546415309911144
7.4,6.965668402382767,2.1541213034506397
7.45,6.866296465776759,2.1541617052634967
7.5,6.7683467848426755,2.154754763867838
7.55,6.6718068093939555,2.155892999677666
7.6,6.576663733487237,2.1575694047441565
7.65,6.482904521801555,2.159777424212412
7.7,6.390515927814909,2.162510944537287
7.75,6.299484521726437,2.1657642752523154
7.8,6.209796713634983,2.169532132228642
7.85,6.121438767608547,2.1738096282952046
7.9,6.034396825046089,2.178592257991629
7.95,5.948656925784537,2.183875881917726
8.0,5.864205018371759,2.1896567195079766
8.05,5.781026979693124,2.195931336244161
8.1,5.6991086330331076,2.2026966300651227
8.15,5.618435758033393,2.209949823809043
8.2,5.538994104339232,2.2176884561934678
8.25,5.4607694070140935,2.2259103706494545
8.3,5.383747398818374,2.2346137053862045
8.35,5.307913816728318,2.2437968887617363
8.4,5.233254415745938,2.2534586299818944
8.45,5.159754980823689,2.263597909097226
8.5,5.087401332763766,2.2742139721421295
8.55,5.016179336584024,2.285306325265487
8.6,4.94607491121231,2.2968747277516344
8.65,4.877074039376136,2.3089191830703193
8.7,4.8091627702557025,2.321439936643082
8.75,4.742327227613151,2.3344374700085337
8.8,4.676553616622768,2.3479124955705455
8.85,4.611828231731138,2.3618659489613054
8.9,4.548137458189956,2.376298987678069
8.95,4.485467778195899,2.3912129864258582
9.0,4.423805776059549,2.406609533273089
9.05,4.363138144379613,2.422490423024296
9.1,4.303451685752624,2.438857655566158
9.15,4.24473331539485,2.4557134336977318
9.2,4.186970066839071,2.47306015891201
9.25,4.130149094920399,2.490900427580112
9.3,4.074257678888049,2.5092370275895517
9.35,4.019283222814677,2.528072937961552
9.4,3.965213259901404,2.547411325286153
9.45,3.912035454337307,2.56725554179468
9.5,3.8597376042470426,2.5876091214164743
9.55,3.8083076421863065,2.6084757792267563
9.6,3.757733636550722,2.629859410071875
9.65,3.70800379417155,2.6517640863324328
9.7,3.6591064614297366,2.674194055753206
9.75,3.611030125529951,2.6971537396770664
9.8,3.5637634146461856,2.7206477328663974
9.85,3.5172950996078427,2.7446808017332103
9.9,3.4716140945483267,2.76925788337072
9.95,3.426709457865718,2.794384083526625
10.0,3.38257039240874,2.8200646763102784
10.05,3.3391862458387433,2.8463051036373517
10.1,3.2965465113945314,2.8731109742245065
10.15,3.254640828034145,2.9004880626219367
10.2,3.2134589807343077,2.928442308378714
10.25,3.172990900500183,2.956979815988593
10.3,3.1332266645162563,2.986106854296879
10.35,3.09415649615377,3.0158298561269303
10.4,3.0557707649037944,3.0461554175232695
10.45,3.0180599863810715,3.077090297633279
10.5,2.9810148221934445,3.1086414186083062
10.55,2.9446260796435624,3.1408158653829394
10.6,2.908884711497089,3.173620885420217
10.65,2.8737818157674844,3.2070638885112857
10.7,2.839308635680096,3.241152446777117
10.75,2.8054565591075984,3.275894294712812
10.8,2.772217118247458,3.311297329153122
10.85,2.739581989185154,3.347369609263215
10.9,2.707542991797594,3.384119356544812
10.95,2.6760920894882574,3.421554954915838
11.0,2.645221388391864,3.4596849508837333
11.05,2.6149231371266586,3.4985180536108147
11.1,2.58518972642243,3.5380631350647276
11.15,2.556013689086089,3.578329230031979
11.2,2.527387699299388,3.6193255363354893
11.25,2.499304572170201,3.66106141491181
11.3,2.4717572634121923,3.7035463900400134
11.35,2.4447388692275425,3.7467901494052582
11.4,2.418242626120277,3.7908025441481916
11.45,2.3922619100759714,3.83559358900438
11.5,2.366790236497144,3.8811734623448606
11.55,2.3418212600198594,3.9275525063043
11.6,2.3173487744969794,3.974741226783788
11.65,2.293366712583184,4.022750293390711
11.7,2.2698691453234647,4.071590539371304
11.75,2.2468502823486673,4.121272961486787
11.8,2.2243044718645946,4.171808719982276
11.85,2.2022262006322926,4.22320913848006
11.9,2.1806100935874935,4.275485703512721
11.95,2.1594509140397333,4.328650064231502
12.0,2.1387435641037995,4.382714031889876
12.05,2.1184830847137737,4.437689579810056
12.1,2.0986646557769206,4.493588842638545
12.15,2.0792835960371674,4.550424115691906
12.2,2.060335364093507,4.608207853809753
12.25,2.0418155587913853,4.666952670781222
12.3,2.0237199193357753,4.726671339101047
12.35,2.006044325855014,4.78737678809987
12.4,1.9887847998257535,4.849082103072462
12.45,1.9719375057600537,4.911800522967158
12.5,1.9554987513775306,4.975545440107172
12.55,1.9394649882386186,5.04033039885799
12.6,1.923832812631476,5.10616909301995
12.65,1.9085989671770647,5.173075363589711
12.7,1.8937603426146539,5.241063195967492
12.75,1.8793139778594583,5.310146719851771
12.8,1.865257061856736,5.380340205374488
12.85,1.85158693426065,5.451658061100603
12.9,1.838301089043221,5.5241148283870825
12.95,1.8253971758008853,5.597725179173215
13.0,1.8128730000519677,5.672503915408058
13.05,1.8007265264927843,5.748465962210482
13.1,1.7889558797622376,5.825626366043448
13.15,1.7775593500106541,5.904000285214277
13.2,1.7665353939262165,5.983602988031057
13.25,1.7558826353136723,6.064449851658564
13.3,1.745599870101928,6.146556351603202
13.35,1.7356860670526746,6.229938060064598
13.4,1.726140375733572,6.31461063141929
13.45,1.7169621278071336,6.400589799787677
13.5,1.7081508374326073,6.48789137821419
13.55,1.6997062083896624,6.576531243653177
13.6,1.6916281354055187,6.666525333935968
13.65,1.6839167138306108,6.757889629306088
13.7,1.6765722421886555,6.850640147381499
13.75,1.6695952226986581,6.9447929420573775
13.8,1.6629863702479128,7.040364084221203
13.85,1.6567466154070456,7.1373696552557755
13.9,1.6508771158588096,7.235825724227004
13.95,1.6453792591865437,7.3357483421667204
14.0,1.640254665074728,7.437153537308379
14.05,1.6355051965983967,7.5400572901907825
14.1,1.6311329659159983,7.644475521844405
14.15,1.6271403468699863,7.750424067531576
14.2,1.6235299760382844,7.857918674509293
14.25,1.6203047622547109,7.966974980841763
14.3,1.617467895693533,8.077608494999044
14.35,1.6150228625935728,8.189834564565194
14.4,1.6129734512374578,8.30366836333018
14.45,1.6113237579627173,8.419124877701911
14.5,1.610078202154995,8.536218872489771
14.55,1.6092415402807634,8.654964860323863
14.6,1.6088188774609726,8.775377076186773
14.65,1.608815673368486,8.897469463874657
14.7,1.6092377603932912,9.021255633964687
14.75,1.6100913607188883,9.146748825713859
14.8,1.6113830998503507,9.273961876740248
14.85,1.613120016096322,9.402907200920309
14.9,1.6153095811195057,9.533596740278727
14.95,1.6179597226208422,9.666041913527406
15.0,1.6210788361494468,9.80025358907966
15.05,1.6246758026020536,9.936242043614504
15.1,1.6287600117665813,10.074016906770972
15.15,1.6333413890929394,10.213587099486457
15.2,1.6384304065210582,10.354960808483202
15.25,1.6440381105147697,10.498145419126496
15.3,1.650176152381893,10.643147444349923
15.35,1.6568568087029136,10.789972476783536
15.4,1.66409300526001,10.938625130904452
15.45,1.6718983518064887,11.089108959791899
15.5,1.680287174078071,11.241426379471957
15.55,1.6892745354136613,11.395578616443007
15.6,1.698876275881757,11.551565612569883
15.65,1.7091090534336846,11.709385926660364
15.7,1.7199903675549066,11.869036676900606
15.75,1.7315386034108606,12.0305134323791
15.8,1.743773079592102,12.193810097518012
15.85,1.7567140770503178,12.358918841183808
15.9,1.7703828887879052,12.525829973438038
15.95,1.7848018740480456,12.69453181284441
16.0,1.7999944933693652,12.865010599664256
16.05,1.8159853653613545,13.037250353728862
16.1,1.832800327301793,13.211232724339084
16.15,1.8504664766368648,13.386936886050067
16.2,1.869012237607981,13.564339370280548
16.25,1.8884674260592516,13.743413902727436
16.3,1.9088632995465393,13.924131275477194
16.35,1.930232636615089,14.106459144454368
16.4,1.9526098008541868,14.290361866171757
16.45,1.976030806314657,14.475800327949386
16.5,2.0005334063988593,14.662731717663782
16.55,2.0261571571331127,14.851109358925187
16.6,2.052943502816001,15.040882484861019
16.65,2.0809358664399413,15.231995999437922
16.7,2.110179720363716,15.424390288124258
16.75,2.1407226909804633,15.618000935452248
16.8,2.1726146409652087,15.812758501838255
16.85,2.205907762700633,16.008588265522654
16.9,2.2406566859945003,16.20540992306133
16.95,2.276918560176165,16.403137357412174
17.0,2.314753170121041,16.60167830524812
17.05,2.354223030452606,16.800934083201255
17.1,2.3953934883911745,17.000799282195956
17.15,2.4383328383845906,17.201161420374124
17.2,2.48311241121807,17.40190066663465
17.25,2.5298066945577444,17.60288945617673
17.3,2.578493425140422,17.803992187218434
17.35,2.6292536941617857,18.00506486163949
17.4,2.6821720502280324,18.20595471724778
17.45,2.7373365838199355,18.406499911453274
17.5,2.7948390296203067,18.606529111087035
17.55,2.8547748373549804,18.80586118546423
17.6,2.9172432540202373,19.00430481447291
17.65,2.9823473850795508,19.201658149283332
17.7,3.050194245802131,19.397708478559025
17.75,3.1208948009770263,19.592231862046468
17.8,3.1945639832439086,19.784992855390268
17.85,3.2713206936812926,19.975744163768255
17.9,3.351287780088445,20.164226394722256
17.95,3.434591989356217,20.350167793424827
18.0,3.52136388118686,20.533284020565905
18.05,3.6117377306710363,20.713277990231855
18.1,3.7058513519069662,20.889839721978873
18.15,3.8038459306168817,21.062646276863546
18.2,3.9058657613201127,21.23136173634378
18.25,4.012057954093575,21.395637264919912
18.3,4.122572098850532,21.555111234352097
18.35,4.237559799135526,21.709409481159177
18.4,4.357174248920884,21.85814558831485
18.45,4.481569588882175,22.00092138487809
18.5,4.610900323864089,22.13732745282123
18.55,4.745320536758074,22.26694386814954
18.6,4.884983073597576,22.38934102828095
18.65,5.030038616205498,22.504080647499187
18.7,5.180634607185454,22.61071697020061
18.75,5.336914160065387,22.70879805516998
18.8,5.499014712614398,22.79786742186576
18.85,5.667066749042836,22.877465668949743
18.9,5.84119218881519,22.947132576181104
18.95,6.021502899291487,23.00640910463474
19.0,6.208098840583982,23.05483995682998
19.05,6.401066365620067,23.091975988121487
19.1,6.60047615303331,23.117377211026863
19.15,6.806381315953937,23.13061561877553
19.2,7.018815174744419,23.13127859236259
19.25,7.237789220046996,23.11897210680751
19.3,7.463290805628918,23.093324458485423
19.35,7.6952810371961755,23.053989790612736
19.4,7.933692496380662,23.00065201130353
19.45,8.178427158628782,22.933028530354928
19.5,8.429354284330527,22.85087419745824
19.55,8.686308507335431,22.753985083454406
19.6,8.949088045077856,22.64220223931917
19.65,9.217453134233521,22.515415294626013
19.7,9.491124723698928,22.373565808668065
19.75,9.769783450833563,22.216650425386057
19.8,10.053068983628098,22.044723564776913
19.85,10.34057973795598,21.857899843798023
19.9,10.631873013898613,21.65635587413595
19.95,10.926465636520213,21.440331648679198
20.0,11.22383500549853,21.21013124402384
20.05,11.523420774735674,20.96612291885606
20.1,11.824626917827734,20.708738544106946
20.15,12.126824447245843,20.438472280310876
20.2,12.429354565512527,20.155878580012683
20.25,12.7315323156938,19.861569466779475
20.3,13.032650784881842,19.556211039497754
20.35,13.33198555593829,19.24051944956346
20.4,13.628799716136003,18.915256070921032
20.45,13.922349020508483,18.581222243409417
20.5,14.211887300801294,18.239253502302105
20.55,14.496672111163106,17.89021329779226
20.6,14.775970282989611,17.534986568841965
20.65,15.049063547289814,17.17447299325463
20.7,15.315254027612266,16.809580141615157
20.75,15.57386944531205,16.44121673945037
20.8,15.82426812713993,16.07028592062818
20.85,16.0658435985342,15.697678755034698
20.9,16.29802871308713,15.32426813466972
20.95,16.520299357637683,14.950902954541004
21.0,16.73217757054437,14.578402837193561
21.05,16.933234089499965,14.207553403876412
21.1,17.123090346906718,13.839102048542014
21.15,17.301419829959634,13.473754398006921
21.2,17.4679488671781,13.112171389809664
21.25,17.622456837371985,12.754966948418478
21.3,17.764775824743385,12.402706343403272
21.35,17.894789775172434,12.055905125884651
21.4,18.012433145289837,11.715028656731738
21.45,18.11768919203531,11.380492170841812
21.5,18.210587817155947,11.05266135153001
21.55,18.291203153290724,10.731853339462308
21.6,18.35965088837649,10.418338129230849
21.65,18.41608531497515,10.112340350582278
21.7,18.46069637941007,9.814041234142376
21.75,18.493706420555057,9.523580955349324
21.8,18.515367102088575,9.241060971656566
21.85,18.525956101070463,8.966546674739785
21.9,18.52577402586147,8.7000699574205
21.95,18.51514126238333,8.441631945449746
22.0,18.494394990996735,8.191205655837484
22.05,18.463886312816868,7.948738646462529
22.1,18.423977467337224,7.71415564261302
22.15,18.375039310495485,7.487360991616674
22.2,18.31744880923849,7.268241157883904
22.25,18.251586894884188,7.056666922097337
22.3,18.17783629402064,6.852495659544482
22.35,18.09657974278763,6.655573268284672
22.4,18.008198186444726,6.465736171022854
22.45,17.913069328744413,6.2828129751189445
22.5,17.811566198353738,6.106626173533366
22.55,17.704056007330646,5.936993544177477
22.6,17.590899056015047,5.773729556158882
22.65,17.47244787441243,5.616646518384795
22.7,17.349046423401322,5.465555716629974
22.75,17.22102948963186,5.320268325742543
22.8,17.088722137936635,5.180596311372731
22.85,16.952439325615405,5.046353126152101
22.9,16.812485564966835,4.917354409912504
22.95,16.669154717971853,4.793418497727635
23.0,16.52272983551416,4.674366945361699
23.05,16.373483091165266,4.560024886114033
23.1,16.221675768318814,4.45022139837083
23.15,16.067558298988832,4.344789751611002
23.2,15.911370364736994,4.2435676325636225
23.25,15.753341022263625,4.146397308164581
23.3,15.593688878427358,4.053125739684997
23.35,15.43262229322332,3.963604672281268
23.4,15.270339594678887,3.8776906721037223
23.45,15.107029347138655,3.7952451475263445
23.5,14.942870586021744,3.716134337516686
23.55,14.778033128877867,3.640229274366234
23.6,14.612677830139356,3.567405738220566
23.65,14.446956902737192,3.497544178988933
23.7,14.28101419920575,3.4305296413098145
23.75,14.114985521320053,3.36625166435443
23.8,13.948998924857591,3.304604179950931
23.85,13.783175007978603,3.2454854036086225
23.9,13.617627231408628,3.188797710529872
23.95,13.45246218366541,3.1344475253763906
24.0,13.287779903950486,3.08234518390983
24.05,13.12367413289538,3.0324048216358666
24.1,12.960232619041511,2.984544232710382
24.15,12.797537367248534,2.938684753741655
24.2,12.635664914945716,2.894751129833242
24.25,12.474686582644408,2.8526713921762417
24.3,12.314668717518774,2.8123767353712457
24.35,12.155672943831137,2.773801390415792
24.4,11.997756374401733,2.7368825151711706
24.45,11.84097185708719,2.7015600654543626
24.5,11.685368162364004,2.6677766956453555
24.55,11.530990213230035,2.6354776354936154
24.6,11.377879263463225,2.604610593711822
24.65,11.226073098446527,2.575125648319796
24.7,11.075606213154694,2.5469751485520375
24.75,10.926509981442196,2.5201136210159856
24.8,10.778812834068848,2.494497669985443
24.85,10.632540399529772,2.4700858982343576
24.9,10.487715676345143,2.4468388093785296
24.95,10.344359159083151,2.4247187359113593
25.0,10.202488989574539,2.403689752783031
25.05,10.062121083276033,2.383717604143978
25.1,9.923269252151755,2.3647696325917167
25.15,9.785945334652245,2.346814703082107
25.2,9.650159293780971,2.3298231457354635
25.25,9.51591934203089,2.313766682478659
25.3,9.38323203190133,2.2986183732045746
25.35,9.252102358884821,2.284352555294621
25.4,9.122533858723717,2.2709447850539277
25.45,8.994528684705491,2.25837179190376
25.5,8.868087706090806,2.246611419204025
25.55,8.743210575851997,2.235642583018457
25.6,8.619895811739637,2.2254452237252424
25.65,8.498140872162095,2.216000259136785
25.7,8.37794221389989,2.2072895496811324
25.75,8.259295369121498,2.1992958512799907
25.8,8.142194998394215,2.192002782112899
25.85,8.026634949986393,2.1853947867834873
25.9,7.912608322192732,2.1794570970061167
25.95,7.800107505004727,2.1741757056181514
26.0,7.689124236872114,2.169537331673502
26.05,7.579649652698306,2.165529389360168
26.1,7.471674320673344,2.162139965255007
26.15,7.3651882934782815,2.1593577859726745
26.2,7.260181143578771,2.1571721948757205
26.25,7.156641998550846,2.1555731302451053
26.3,7.054559584431625,2.154551097080019
26.35,6.953922252563313,2.154097149147425
26.4,6.8547180124935485,2.154202868488905
26.45,6.75693456803858,2.154860341281833
26.5,6.660559338640396,2.1560621433550913
26.55,6.5655794884563905,2.157801321888602
26.6,6.47198195670772,2.1600713745772797
26.65,6.3797534752181795,2.162866237462313
26.7,6.288880592902745,2.166180269377796
26.75,6.199349701664496,2.170008233834084
26.8,6.11114705162843,2.1743452880657186
26.85,6.024258770359648,2.1791869706858464
26.9,5.938670885024299,2.1845291861199914
26.95,5.854369337135556,2.1903681935303507
27.0,5.77133999590892,2.196700598009559
27.05,5.6895686768885465,2.203523337801593
27.1,5.609041157659093,2.2108336720230177
27.15,5.529743185389342,2.2186291753273064
27.2,5.45166049300623,2.2269077271606745
27.25,5.374778813288326,2.23566750050041
27.3,5.2990838862624186,2.2449069559729096
27.35,5.224561469528506,2.2546248348176317
27.4,5.151197350002726,2.2648201503546366
27.45,5.078977354949175,2.2754921784887876
27.5,5.00788735542552,2.286640455027196
27.55,4.937913277131496,2.298264768214591
27.6,4.869041108814404,2.310365151743449
27.65,4.8012569100086075,2.322941877761486
27.7,4.734546813428245,2.3359954549988373
27.75,4.668897034214291,2.3495266222647713
27.8,4.604293875867453,2.363536342997649
27.85,4.54072373645913,2.3780257992941025
27.9,4.478173109809769,2.3929963909237215
27.95,4.416628592782376,2.4084497299355543
28.0,4.3560768892570865,2.4243876370596906
28.05,4.296504815737504,2.440812135735878
28.1,4.237899302021667,2.4577254514774802
28.15,4.180247395347946,2.4751300084815213
28.2,4.123536264256336,2.4930284267121583
28.25,4.067753202344675,2.5114235171405332
28.3,4.0128856299495705,2.5303182799428443
28.35,3.958921095043942,2.549715903671933
28.4,3.9058472774916866,2.5696197617733665
28.45,3.853651990437535,2.5900334105856793
28.5,3.8023231828296606,2.6109605860578595
28.55,3.751848939606219,2.6324052035441925
28.6,3.7022174837000343,2.6543713558563162
28.65,3.6534171776782216,2.676863311759368
28.7,3.6054365251731575,2.699885513344509
28.75,3.558264171556251,2.723442575093174
28.8,3.51188890425065,2.7475392834916668
28.85,3.466299654332764,2.7721805953371033
28.9,3.4214854969185877,2.7973716367427763
28.95,3.3774356519701976,2.8231177014733713
29.0,3.334139484359441,2.8494242508423056
29.05,3.291586504347512,2.8762969129301794
29.1,3.2497663680132005,2.90374148192025
29.15,3.208668877432022,2.931763916949661
29.2,3.1682839808197616,2.9603703416715756
29.25,3.1286017725368476,2.989567044145588
29.3,3.0896124931465985,3.0193604762956863
29.35,3.0513065293264776,3.0497572535424915
29.4,3.0136744137704707,3.080764154214876
29.45,2.9767068251845155,3.1123881195119125
29.5,2.9403945880232096,3.144636253387299
29.55,2.9047286722077863,3.1775158224098807
29.6,2.869700192800501,3.211034255514111
29.65,2.835300409855863,3.245199143910974
29.7,2.8015207283195824,3.2800182411037615
29.75,2.768352697347742,3.3154994629712013
29.8,2.735788010036393,3.3516508877404005
29.85,2.7038185029889843,3.388480756035578
29.9,2.6724361562737595,3.425997470884886
29.95,2.6416330929490677,3.464209597867227
30.0,2.6114015784200273,3.5031258652330197
30.05,2.5817340201106656,3.542755164049762
30.1,2.552622967214546,3.5831065483122893
30.15,2.524061110606973,3.6241892349755807
30.2,2.4960412820128126,3.666012604186088
30.25,2.46855645373069,3.7085861993427143
30.3,2.4415997383141015,3.7519197273252693
30.35,2.415164388518064,3.796023058522278
30.4,2.3892437969646036,3.840906226899776
30.45,2.3638314954386157,3.8865794300755194
30.5,2.338921154893618,3.9330530293720156
30.55,2.3145065853201943,3.9803375498888993
30.6,2.2905817357203584,4.02844368049029
30.65,2.2671406935971485,4.077382273671129
30.7,2.2441776847796526,4.1271643454551254
30.75,2.2216870736426286,4.177801075203093
30.8,2.1996633631042037,4.229303805586595
30.85,2.1781011945989706,4.281684042345793
30.9,2.156995347721422,4.334953453781919
30.95,2.1363407407021584,4.389123870301855
31.0,2.1161324307661635,4.444207283928438
31.05,2.096365614157397,4.500215848241726
31.1,2.0770356263483114,4.55716187730111
31.15,2.058137942058346,4.615057845067807
31.2,2.03966817647333,4.673916383927926
31.25,2.0216220854780538,4.733750284334742
31.3,2.0039955659094817,4.794572494245657
31.35,1.986784656137684,4.856396117084291
31.4,1.969985536911256,4.919234410549414
31.45,1.9535945329281164,4.983100784345532
31.5,1.9376081129006604,5.048008800072156
31.55,1.9220228906344807,5.113972168924476
31.6,1.9068356256202668,5.1810047497323435
31.65,1.8920432254656443,5.24912054545388
31.7,1.8776427471713981,5.318333701121
31.75,1.8636313973105847,5.3886585034989425
31.8,1.850006534289465,5.4601093762499975
31.85,1.8367656690437113,5.532700878226486
31.9,1.8239064691755078,5.6064476968095915
31.95,1.8114267597666331,5.6813646465054095
32.0,1.7993245240180087,5.757466667695926
32.05,1.7875979067707808,5.834768819091937
32.1,1.7762452156286117,5.913286275571146
32.15,1.7652649267955918,5.993034318000553
32.2,1.7546556856835982,6.07402833212724
32.25,1.744416307920864,6.156283806561162
32.3,1.7345457846923342,6.239816321417344
32.35,1.7250432838578031,6.32464154615183
32.4,1.715908158239374,6.410775224221776
32.45,1.7071399464811376,6.498233171440454
32.5,1.6987383738171753,6.587031274394179
32.55,1.690703359953956,6.677185473681567
32.6,1.6830350205612556,6.768711760810942
32.65,1.675733677488997,6.861626158417296
32.7,1.6687998606078471,6.955944716584963
32.75,1.6622343090713274,7.051683510171551
32.8,1.656037981138448,7.148858617510828
32.85,1.6502120575235182,7.247486113529056
32.9,1.6447579532703662,7.347582045723994
32.95,1.6396773193084617,7.449162430944822
33.0,1.63497204676214,7.552243245991312
33.05,1.630644277844473,7.656840403421466
33.1,1.626696413862308,7.762969735066901
33.15,1.623131125817353,7.87064696970633
33.2,1.6199513555585194,7.979887730530292
33.25,1.6171603284017664,8.090707506830537
33.3,1.6147615615976103,8.203121635309591
33.35,1.6127588803581092,8.317145265701722
33.4,1.6111564208011582,8.432793354352883
33.45,1.6099586414714429,8.550080638011496
33.5,1.6091703356890055,8.669021605706222
33.55,1.6087966499890307,8.78963045833612
33.6,1.6088430900694055,8.911921095478979
33.65,1.6093155333833769,9.03590708629745
33.7,1.6102202450785081,9.161601632745272
33.75,1.6115638994570267,9.289017521572141
33.8,1.6133535872069156,9.418167107946886
33.85,1.6155968325606,9.549062275200415
33.9,1.6183016131720345,9.681714388688897
33.95,1.621476383814821,9.816134241849369
34.0,1.6251300847523564,9.952332036676372
34.05,1.6292721662969516,10.090317325369627
34.1,1.6339126147166292,10.230098950148014
34.15,1.639061972107495,10.371684997239399
34.2,1.6447313544669289,10.51508275359915
34.25,1.6509324810950479,10.660298636763677
34.3,1.6576777067196615,10.807338119661852
34.35,1.6649800366601362,10.956205694417545
34.4,1.6728531605786106,11.106904790636557
34.45,1.681311489609273,11.259437687216447
34.5,1.6903701789056158,11.41380545857736
34.55,1.7000451610397713,11.570007893002078
34.6,1.7103531892884312,11.728043388234857
34.65,1.7213118687106883,11.887908876839639
34.7,1.7329396903832102,12.049599741809331
34.75,1.745256081397828,12.21310969445505
34.8,1.758281443270232,12.378430681206686
34.85,1.7720371900241898,12.545552788944262
34.9,1.7865458056169585,12.714464103248925
34.95,1.8018308877667781,12.885150600797902
35.0,1.8179171932125116,13.05759603576724
35.05,1.8348307033647944,13.231781776139833
35.1,1.8525986714877418,13.407686686277845
35.15,1.871249679088813,13.585286983837658
35.2,1.8908137090762263,13.764556055380261
35.25,1.9113221960108464,13.945464329153321
35.3,1.9328080969633983,14.127979093126733
35.35,1.9553059691946115,14.31206429661647
35.4,1.9788520269619874,14.497680403396489
35.45,2.003484227917,14.684784166762277
35.5,2.029242350061772,14.873328429457846
35.55,2.0561680626624685,15.063261936085821
35.6,2.084305025608256,15.254529069790783
35.65,2.113698961632072,15.447069659541416
35.7,2.1443977507699086,15.640818724298823
35.75,2.1764515289153445,15.835706205170682
35.8,2.209912767236714,16.031656746006906
35.85,2.2448363860061424,16.228589375734657
35.9,2.281279841285069,16.426417263782724
35.95,2.3193032292843196,16.625047419915134
36.0,2.358969396186944,16.824380374198515
36.05,2.400344027278632,17.024309911712344
36.1,2.443495768524962,17.224722703169977
36.15,2.488496317991449,17.425498020610092
36.2,2.5354205361782993,17.626507384396703
36.25,2.5843465523339875,17.827614211890236
36.3,2.6353558557393004,18.02867350466962
36.35,2.6885334079461565,18.229531445661024
36.4,2.7439677230072483,18.430025095871397
36.45,2.801750966242208,18.62998199672924
36.5,2.8619790316759848,18.82921982962088
36.55,2.9247516145433488,19.027546066940342
36.6,2.990172278735979,19.224757590327908
36.65,3.0583485009761584,19.4206403937091
36.7,3.1293917115170435,19.614969201148938
36.75,3.203417309169989,19.807507186851815
36.8,3.2805446613285105,19.99800565747634
36.85,3.360897075054413,20.186203772118763
36.9,3.4446017524285755,20.371828314880972
36.95,3.531789693793653,20.554593453953746
37.0,3.622595597917678,20.73420059544083
37.05,3.717157690323946,20.910338240655342
37.1,3.815617528329856,21.082681925516052
37.15,3.918119763805008,21.250894207031994
37.2,4.024811806232847,21.4146247429648
37.25,4.135843512935598,21.57351041509962
37.3,4.251366700356641,21.72717560198344
37.35,4.371534696786943,21.875232487294863
37.4,4.496501735677184,22.01728153447314
37.45,4.626422295469582,22.15291206845218
37.5,4.761450378234325,22.28170296185464
37.55,4.901738604400515,22.403223560566783
37.6,5.047437352931969,22.517034612663636
37.65,5.198693600113405,22.622689585682632
37.7,5.355649876661356,22.719735901046285
37.75,5.518442865342571,22.807716656614716
37.8,5.687202132391365,22.886172237982635
37.85,5.862048497164187,22.954642455145713
37.9,6.043092523108581,23.01266857561052
37.95,6.230432666950781,23.059795889929163
38.0,6.424153544776217,23.095576174841735
38.05,6.624323875313428,23.119570695807404
38.1,6.830994561955015,23.13135307425457
38.15,7.044196466333957,23.13051270923826
38.2,7.26393836864122,23.116657992494876
38.25,7.490204640786253,23.089420086895625
38.3,7.722953167198671,23.04845640504223
38.35,7.962113026453474,22.99345462393349
38.4,8.207582475441871,22.92413631393225
38.45,8.45922678622822,22.840261007590563
38.5,8.716876421216677,22.741629829965497
38.55,8.980325198632267,22.62808938933005
38.6,9.249328814903672,22.499535214168848
38.65,9.523603521586933,22.35591520506228
38.7,9.80282517666677,22.19723263514956
38.75,10.086628607118792,22.023548899206567
38.8,10.374607382368833,21.834985796885242
38.85,10.666314010397477,21.631727333887955
38.9,10.961260615915403,21.414021000829027
38.95,11.25892007146634,21.18217842211707
39.0,11.558727724904196,20.93657536972656
39.05,11.860083518130242,20.67765111788187
39.1,12.162354803850347,20.40590701752977
39.15,12.46487949333839,20.121904452983184
39.2,12.766969845601658,19.82626197612303
39.25,13.06791664015913,19.51965179815044
39.3,13.36699372736293,19.202795642847903
39.35,13.663463070637574,18.87645985118052
39.4,13.956579897098807,18.54145010646196
39.45,14.24559819814414,18.198605536441185
39.5,14.529776326502168,17.848792456827226
39.55,14.808382561772612,17.49289790508516
39.6,15.080700764117237,17.13182282262927
39.65,15.346035792336039,16.76647527197041
39.7,15.603718705218627,16.397763674428006
39.75,15.853111741952612,16.02659006526756
39.8,16.09361283749226,15.653843696099552
39.85,16.32465971741304,15.280394935009674
39.9,16.54573354217303,14.907089495869199
39.95,16.756361945997195,14.534743247638282
40.0,16.956121530733107,14.1641375270727
40.05,17.144639784635622,13.796014990749274
40.1,17.32159637036735,13.43107616113941
40.15,17.486723849402026,13.069976557403455
40.2,17.639807817311986,12.713324462361554
40.25,17.780686506913163,12.361679352085767
40.3,17.909249870736346,12.015550893869644
40.35,18.025438195719442,11.675398548887417
40.4,18.129240339340495,11.341631690697962
40.45,18.220691519911018,11.014610245086097
40.5,18.2998709093404,10.694645727326272
40.55,18.366898868431743,10.382002716312455
40.6,18.421934049723024,10.07690062581157
40.65,18.465170361450447,9.779515748737303
40.7,18.496833751713325,9.489983584397573
40.75,18.517179115851963,9.208401211211662
40.8,18.526486969053703,8.934829963146642
40.85,18.525060424917456,8.669297960302737
40.9,18.513221972169582,8.411802908714623
40.95,18.491310595501872,8.16231467786204
41.0,18.459678823663133,7.920778029833894
41.05,18.418690057003833,7.687115149846446
41.1,18.368715974550636,7.461228179439792
41.15,18.310134135757064,7.2430016088495925
41.2,18.243325776509906,7.032304545646135
41.25,18.168673724427755,6.828992907045382
41.3,18.08656058897746,6.632911385037149
41.35,17.997367008790068,6.443895397478239
41.4,17.90147021052734,6.261772747944661
41.45,17.799242592605165,6.086365308661978
41.5,17.691050613600904,5.917490393699885
41.55,17.57725369790576,5.7549621673279
41.6,17.45820341283247,5.5985927554234
41.65,17.334242666309354,5.448193391619592
41.7,17.205705132680848,5.303575294037094
41.75,17.072914705455858,5.164550572287409
41.8,16.93618513149898,5.03093290009706
41.85,16.795819681769753,4.902538208033734
41.9,16.652110953770386,4.7791851875846545
41.95,16.505340724669423,4.660695791499477
42.0,16.355779887380702,4.546895606141374
42.05,16.203688447509997,4.437614183022153
42.1,16.049315569865204,4.332685305824996
42.15,15.89289967746823,4.231947187511596
42.2,15.734668594409415,4.135242643837698
42.25,15.574839707855364,4.042419193359701
42.3,15.413620192655536,3.9533291453979773
42.35,15.251207212916643,3.867829635860223
42.4,15.087788201129511,3.7857826399919126
42.45,14.923541097001207,3.707054962964815
42.5,14.758634646189572,3.6315181976065207
42.55,14.59322867795798,3.5590486758491005
42.6,14.427474401332706,3.4895273933536037
42.65,14.261514714717832,3.4228399255023154
42.7,14.095484487187077,3.358876335701203
42.75,13.929510889751446,3.2975310619207248
42.8,13.763713661791932,3.2387028168516325
42.85,13.598205444083705,3.1822944562402617
42.9,13.433092041332161,3.1282128708787944
42.95,13.268472735573871,3.0763688503072526
43.0,13.104440553664075,3.0266769646375056
43.05,12.941082550316723,2.979055433075625
43.1,12.77848008032196,2.933425996484164
43.15,12.616709049450073,2.889713795310824
43.2,12.455840187499371,2.847847235559789
43.25,12.295939269432292,2.807757877507969
43.3,12.137067381304627,2.7693803001551003
43.35,11.979281122423652,2.7326519966913705
43.4,11.8226328496962,2.697513246239924
43.45,11.667170874117337,2.6639070097818447
43.5,11.51293967347557,2.6317788159537496
43.55,11.35998008895604,2.601076654616525
43.6,11.208329505575403,2.571750878233636
43.65,11.058022047610326,2.543754094078515
43.7,10.909088731140175,2.5170410795451863
43.75,10.76155765124029,2.4915686773817947
43.8,10.615454120551945,2.4672957175112065
43.85,10.470800833442585,2.4441829241672184
43.9,10.327618004478023,2.422192836564299
43.95,10.185923503386302,2.401289731847751
44.0,10.045732996282112,2.3814395432764237
44.05,9.90706005440974,2.3626097973723716
44.1,9.769916290768343,2.344769534332929
44.15,9.634311458807439,2.327889249952848
44.2,9.500253567479445,2.311940828467015
44.25,9.367748985221914,2.2968974805126225
44.3,9.236802528186683,2.282733691269899
44.35,9.107417566956082,2.269425156642523
44.4,8.97959610029929,2.256948738944206
44.45,8.853338847792939,2.2452824117831667
44.5,8.728645328623617,2.234405211789506
44.55,8.605513929764513,2.224297197916703
44.6,8.48394198966311,2.2149394002893397
44.65,8.363925854219412,2.20631378571754
44.7,8.245460947092186,2.198403215294331
44.75,8.128541833861407,2.191191404069538
44.8,8.013162270259494,2.1846628916616737
44.85,7.8993152679459415,2.178803001550569
44.9,7.786993140000839,2.1735978120059585
44.95,7.676187549328542,2.169034126598985
45.0,7.566889563257829,2.1650994393503358
45.05,7.459089688064497,2.1617819126396256
45.1,7.352777915427555,2.159070348550301
45.15,7.247943766084011,2.1569541601450974
45.2,7.144576318497319,2.1554233532316047
45.25,7.042664250561995,2.154468500128524
45.3,6.9421958746664085,2.154080715985921
45.35,6.843159162244499,2.154251643191505
45.4,6.745541780214692,2.154973427969703
45.45,6.649331119393794,2.1562387007036965
45.5,6.554514315491416,2.158040562509216
45.55,6.4610782801810345,2.1603725649524232
45.6,6.369009725240347,2.1632286928832154
45.65,6.27829517957027,2.1666033533651774
45.7,6.188921015296312,2.170491358520331
45.75,6.10087346951193,2.1748879096302565
45.8,6.014138656992844,2.1797885885731487
45.85,5.928702592024388,2.185189343551441
45.9,5.844551208330737,2.1910864741380203
45.95,5.7616703684552,2.197476624534114
46.0,5.680045881691984,2.2043567718491204
46.05,5.599663520939273,2.2117242133995476
46.1,5.520509032859838,2.219576558804165
46.15,5.442568149242164,2.2279117223605716
46.2,5.365826601334306,2.236727912895274
46.25,5.290270132609096,2.246023623232365
46.3,5.215884503596771,2.255797626592566
46.35,5.142655504802478,2.2660489678729254
46.4,5.070568967244756,2.276776954947432
46.45,4.999610770035938,2.287981152183705
46.5,4.929766845472472,2.299661376719185
46.55,4.861023189163749,2.311817691499862
46.6,4.7933658686403335,2.3244503973172725
46.65,4.726781027789955,2.337560028866792
46.7,4.661254891349141,2.3511473513373113
46.75,4.59677377272263,2.365213354965644
46.8,4.533324080524199,2.379759248397275
46.85,4.470892322267898,2.3947864551950295
46.9,4.409465106511126,2.4102966121035774
46.95,4.349029150005034,2.4262915638530953
47.0,4.289571281308962,2.4427733591377034
47.05,4.231078445162,2.4597442460513377
47.1,4.173537702942036,2.477206671671849
47.15,4.116936237711735,2.495163278019697
47.2,4.0612613568393,2.513616899702861
47.25,4.006500495796053,2.532570559184227
47.3,3.952641218933892,2.5520274659581967
47.35,3.8996712211074245,2.5719910150606915
47.4,3.8475783312207605,2.5924647841756188
47.45,3.7963505136727544,2.6134525311828374
47.5,3.745975870198172,2.634958191820896
47.55,3.696442640044114,2.6569858794917622
47.6,3.6477392022575583,2.679539883063635
47.65,3.5998540766940437,2.7026246656572956
47.7,3.5527759254503324,2.7262448620924493
47.75,3.506493553173928,2.750405278459647
47.8,3.4609959076000116,2.775110891446836
47.85,3.4162720808382483,2.8003668469432994
47.9,3.3723113096982655,2.8261784588530547
47.95,3.329102976266942,2.8525512079167075
48.0,3.286636607942523,2.8794907416398874
48.05,3.244901877928811,2.9070028734310074
48.1,3.2038886054248708,2.9350935820771293
48.15,3.163586755779524,2.9637690106531545
48.2,3.123986440548979,2.9930354663243275
48.25,3.085077917472252,3.0228994201665547
48.3,3.046851590426344,3.053367506735455
48.35,3.0092980092690484,3.0844465236647474
48.4,2.972407869728446,3.116143431273344
48.45,2.9361720133804927,3.1484653525550166
48.5,2.9005814272467796,3.181419573084422
48.55,2.8656272435361103,3.215013540908042
48.6,2.8313007392629186,3.249254866357725
48.65,2.7975933361601353,3.2841513220199317
48.7,2.7644966004589206,3.319710842780352
48.75,2.732002242174455,3.3559415259263257
48.8,2.700102114844344,3.392851631148538
48.85,2.6687882151487856,3.4304495806218904
48.9,2.638052682878076,3.4687439590162827
48.95,2.607887800256645,3.507743513701989
49.0,2.578285991478768,3.54745715482428
49.05,2.5492398223176456,3.5878939555123783
49.1,2.5207419999860714,3.6290631519446976
49.15,2.492785372943231,3.6709741434150387
49.2,2.4653629300267066,3.7136364925412257
49.25,2.4384678003056957,3.7570599253389
49.3,2.4120932527953753,3.8012543314153677
49.35,2.3862326964336398,3.8462297639787755
49.4,2.360879679580676,3.8919964399057783
49.45,2.3360278895315707,3.938564739755461
49.5,2.3116711525278792,3.985945207817022
49.55,2.287803433688446,4.034148552137325
49.6,2.2644188369496705,4.083185644475695
49.65,2.2415116045131787,4.1330675200919496
49.7,2.2190761169173197,4.1838053775923365
49.75,2.197106893249442,4.235410578686736
49.8,2.175598591146474,4.287894648172117
49.85,2.1545460067723665,4.341269273462618
49.9,2.1339440745378497,4.395546304156242
49.95,2.1137878678274937,4.4507377512961845
50.0,2.0940725992498628,4.506855787002626
50.05,2.0747936207103157,4.563912744291698
50.1,2.055946423651715,4.621921115735159
50.15,2.0375266393560527,4.6808935528073645
50.2,2.0195300402043577,4.740842864252272
50.25,2.0019525397924482,4.801782015895625
50.3,1.984790193414077,4.863724129552021
50.35,1.9680391985655639,4.9266824811136845
50.4,1.9516958963412991,4.99067049872577
50.45,1.9357567727251592,5.05570176082879
50.5,1.9202184586612259,5.121789996026707
50.55,1.905077731514561,5.188949079883088
50.6,1.890331515569644,5.2571930334103385
50.65,1.87597688505822,5.326536018530194
50.7,1.8620110649686226,5.396992336738727
50.75,1.8484314314830264,5.468576428259257
50.8,1.835235514467343,5.541302866573893
50.85,1.822420998507142,5.615186356466747
50.9,1.8099857272182418,5.690241726892684
50.95,1.7979277036945411,5.766483930187781
51.0,1.7862450916493817,5.843928039812518
51.05,1.7749362189556643,5.922589242603203
51.1,1.76399957945997,6.002482835619379
51.15,1.7534338387764417,6.0836242158373866
51.2,1.7432378345932233,6.166028879581627
51.25,1.7334105782366527,6.249712419362329
51.3,1.723951260173219,6.334690512039169
51.35,1.7148592518116008,6.420978915576754
51.4,1.7061341138023058,6.508593453442138
51.45,1.6977755965680301,6.5975500135764165
51.5,1.6897836416357612,6.687864545623101
51.55,1.682158390058651,6.779553042871844
51.6,1.674900184400211,6.872631538422709
51.65,1.6680095791221616,6.967116084789966
51.7,1.6614873417776894,7.063022751492205
51.75,1.6553344554778253,7.160367619780402
51.8,1.6495521289030197,7.259166760748535
51.85,1.6441418009191564,7.359436226095344
51.9,1.6391051518419548,7.4611920250606385
51.95,1.6344441041113507,7.56445012301624
52.0,1.630160829899847,7.669226424756581
52.05,1.6262577597199572,7.775536755272071
52.1,1.6227375943547406,7.883396834918025
52.15,1.6196033120196554,7.9928222641969535
52.2,1.6168581712854841,8.103828517239606
52.25,1.6145057252740378,8.216430909741494
52.3,1.6125498316074551,8.330644577427158
52.35,1.6109946667289479,8.446484445054073
52.4,1.609844728402171,8.563965220809097
52.45,1.6091048512081974,8.683101360808298
52.5,1.608780219221249,8.803907040689525
52.55,1.6088763839577804,8.926396116003147
52.6,1.6093992684783651,9.050582112909606
52.65,1.6103551852197817,9.176478186728673
52.7,1.6117508527513635,9.304097083791504
52.75,1.6135934154235465,9.433451097252727
52.8,1.6158904500473827,9.564552051585713
52.85,1.6186499881735745,9.697411250119673
52.9,1.6218805382895716,9.832039424120124
52.95,1.6255911034191888,9.968446692494572
53.0,1.6297911956753641,10.106642527264409
53.05,1.6344908616314224,10.24663569339221
53.1,1.6397007117328835,10.388434180651295
53.15,1.6454319329475648,10.532045173911104
53.2,1.6516963164590408,10.677474986529221
53.25,1.6585062898260032,10.82472898437573
53.3,1.665874941151493,10.973811529019704
53.35,1.6738160425751005,11.124725920780183
53.4,1.6823440870414899,11.277474310193726
53.45,1.6914743233910354,11.432057614701566
53.5,1.7012227789900247,11.588475463596392
53.55,1.711606301051919,11.74672609718191
53.6,1.7226426001338029,11.906806262267366
53.65,1.7343502758839886,12.068711149264367
53.7,1.7467488636431137,12.232434277290565
53.75,1.759858884540351,12.397967372383986
53.8,1.773701876777395,12.565300290446885
53.85,1.788300448465538,12.734420885760144
53.9,1.8036783341146305,12.905314872071253
53.95,1.819860432181384,13.077965728996764
54.0,1.8368728661851363,13.252354548522488
54.05,1.8547430466122712,13.428459880938593
54.1,1.8734997157739541,13.606257621360317
54.15,1.8931730202895105,13.785720825861254
54.2,1.9137945746066227,13.966819551170698
54.25,1.9353975176055298,14.1495207091606
54.3,1.9580165968018008,14.333787850690491
54.35,1.9816882300596494,14.519581006994962
54.4,2.006450581021198,14.706856492567386
54.45,2.0323436484504245,14.895566672200594
54.5,2.0594093314009423,15.085659789236987
54.55,2.087691523942216,15.277079713418804
54.6,2.117236201916934,15.469765709592476
54.65,2.148091502248283,15.663652222553823
54.7,2.1803078313485513,15.858668581373372
54.75,2.213937944629965,16.054738780243078
54.8,2.2490370510330173,16.251781185762297
54.85,2.285662915928719,16.44970824622303
54.9,2.3238759499215735,16.648426235723527
54.95,2.363739328500373,16.847834904321715
55.0,2.4053190805913918,17.047827214268157
55.05,2.448684201865582,17.24828899465157
55.1,2.4939067601946854,17.449098612519634
55.15,2.54106199144709,17.65012666521818
55.2,2.5902284166246834,17.851235591595458
55.25,2.6414879274757435,18.052279377115028
55.3,2.694925896500373,18.2531031574403
55.35,2.7506312643785544,18.45354288493446
55.4,2.8086966278116257,18.653424972829434
55.45,2.8692183261325503,18.852565909585415
55.5,2.932296504473075,19.050771950030242
55.55,2.998035184260362,19.247838712654964
55.6,3.0665423053289853,19.443550880192817
55.65,3.137929763191565,19.63768184539193
55.7,3.2123134231997836,19.829993393752112
55.75,3.289813118331593,20.020235427298914
55.8,3.3705526150600487,20.20814565777406
55.85,3.4546595665739663,20.39344939945462
55.9,3.54226541653388,20.575859331859256
55.95,3.633505282392455,20.755075348072825
56.0,3.728517799767345,20.930784430268318
56.05,3.8274448944502004,21.102660588909494
56.1,3.9304315655042292,21.27036485996357
56.15,4.037625528958446,21.43354539136519
56.2,4.1491768889871175,21.59183758644659
56.25,4.265237680267479,21.744864362079607
56.3,4.385961353330591,21.892236511632213
56.35,4.511502223722121,22.033553142165058
56.4,4.642014735778565,22.168402329252817
56.45,4.777652790942079,22.296361762352685
56.5,4.9185687874552295,22.416999732431425
56.55,5.064912764098872,22.52987606338948
56.6,5.216831241768184,22.634543433104884
56.65,5.374466122513075,22.73054868196369
56.7,5.537953342304766,22.817434475588154
56.75,5.707421503038284,22.89474104758531
56.8,5.8829903250444415,22.96200823622902
56.85,6.064769022031263,23.01877767950714
56.9,6.252854542857779,23.06459526169431
56.95,6.447329718879514,23.09901375147167
57.0,6.648261302729125,23.121595675743055
57.05,6.855697935648164,23.131916365336874
57.1,7.069668015553781,23.12956724455748
57.15,7.290177555534799,23.114159214309424
57.2,7.517207942152931,23.08532630947427
57.25,7.750713781523792,23.04272931077442
57.3,7.990620644989755,22.98605967200344
57.35,8.236823019904723,22.91504321906088
57.4,8.48918218216642,22.82944418447494
57.45,8.74752438434991,22.72906882675513
57.5,9.011639033373761,22.61376934244737
57.55,9.281277262486041,22.483447215690767
57.6,9.55615061504276,22.33805672624794
57.65,9.83593016013693,22.17760781465617
57.7,10.120245880776814,22.00216888256931
57.75,10.408686502600935,21.81186893623567
57.8,10.700799751081808,21.60689939376243
57.85,10.996093062729177,21.38751525279035
57.9,11.294034815567375,21.15403568393149
57.95,11.594056066324143,20.906843968940475
58.0,11.895552781028808,20.646386757202364
58.05,12.197888682840285,20.373172569765444
58.1,12.500398453125394,20.087769676275492
58.15,12.802391618523895,19.790803114047375
58.2,13.10315670916449,19.482951153410053
58.25,13.401965927862282,19.164941008000106
58.3,13.69808017184958,18.837543926585916
58.35,13.990754222820993,18.501569847617475
58.4,14.279242308189687,18.157861405893758
58.45,14.562803648826788,17.807287701891934
58.5,14.840708064148712,17.450737761119083
58.55,15.112241609076985,17.089113706462
58.6,15.37671194688094,16.723324002418693
58.65,15.63345355275237,16.354276659144162
58.7,15.881832634762928,15.982872533184704
58.75,16.121251590504283,15.609998978941283
58.8,16.35115307509471,15.236523749435236
58.85,16.571023561335338,14.863289310790645
58.9,16.78039631150433,14.49110771860425
58.95,16.978853821757085,14.120755959641395
59.0,17.166029651935776,13.752971909564947
59.05,17.34160965089423,13.38845094784042
59.1,17.505332614006345,13.027843141438913
59.15,17.656990349060603,12.671751113463905
59.2,17.79642722364418,12.320728529635346
59.25,17.923539178478165,11.975279169652955
59.3,18.03827231014557,11.635856594933607
59.35,18.140621037251176,11.30286432974194
59.4,18.230625870026277,10.976656553328636
59.45,18.308370975054213,10.657539179181867
59.5,18.373981349622056,10.345771392599065
59.55,18.427619966280755,10.041567418515443
59.6,18.469484642635713,9.745098650175223
59.65,18.499804909137954,9.45649593115235
59.7,18.518838823154827,9.175852017057748
59.75,18.526869722623697,8.903224196944029
59.8,18.5242031585322,8.638636877207016
59.85,18.51116369885955,8.382084365018926
59.9,18.48809208266392,8.133533429071093
59.95,18.455342232956877,7.892926066412331
60.0,18.41327867429493,7.6601819591514895
60.05,18.36227387771247,7.435201072866757
60.1,18.30270596384244,7.217865956842892
60.15,18.234956442293285,7.008044077243709
60.2,18.159408222390994,6.805589914672838
60.25,18.076443752948716,6.61034699263441
60.3,17.986443358413318,6.4221497330178385
60.35,17.88978375538266,6.24082517475251
60.4,17.786836710256686,6.066194571551076
60.45,17.677967900080382,5.898074809763543
60.5,17.563535873978463,5.736279747891098
60.55,17.443891214616617,5.580621360179794
60.6,17.319375778763515,5.430910825375141
60.65,17.19032211253035,5.286959431324582
60.7,17.05705294001749,5.148579428036861
60.75,16.919880787875904,5.015584731141699
60.8,16.779107686400334,4.887791559899393
60.85,16.6350249651514,4.765018974967447
60.9,16.487913126681804,4.647089328542878
60.95,16.338041783805284,4.533828664315538
61.0,16.185669663998098,4.425067012691735
61.05,16.031044667180304,4.3206386721639625
61.1,15.874403959876357,4.2203823867050625
61.15,15.71597413427542,4.124141519413457
61.2,15.555971364756733,4.031764149634456
61.25,15.394601637864817,3.9431031500889198
61.3,15.23206096410997,3.858016226605189
61.35,15.06853564208988,3.77636592215381
61.4,14.90420252262139,3.698019606338653
61.45,14.73922928232288,3.622849433046129
61.5,14.573774730119663,3.550732283833864
61.55,14.407989076154017,3.481549699437964
61.6,14.24201426561542,3.415187785140478
61.65,14.075984244713661,3.3515371254632247
61.7,13.910025296070526,3.2904926657840488
61.75,13.744256312537447,3.2319536110661318
61.8,13.57878911226371,3.175823298894549
61.85,13.413728724159796,3.1220090824848783
61.9,13.249173675123497,3.0704222045478975
61.95,13.085216282745181,3.020977667440138
62.0,12.921942912071597,2.973594113700514
62.05,12.759434270243547,2.9281936870776724
62.1,12.597765637789589,2.88470192031567
62.15,12.437007151886826,2.8430475951340575
62.2,12.277224025066362,2.8031626325036334
62.25,12.118476802117634,2.7649819610377713
62.3,11.960821576463145,2.7284434052121442
62.35,11.804310214315368,2.693487567370691
62.4,11.648990570934433,2.6600577130520353
62.45,11.494906682005325,2.6280996681194946
62.5,11.3420989778299,2.59756170263834
62.55,11.19060444795818,2.568394440802223
62.6,11.04045684382447,2.5405507491287143
62.65,10.891686831240177,2.513985651589207
62.7,10.744322167411987,2.48865623062606
62.75,10.598387853362787,2.4645215409523344
62.8,10.453906280792056,2.441542526511585
62.85,10.310897386172568,2.4196819322196603
62.9,10.169378770585315,2.3989042353464076
62.95,10.029365848756322,2.379175559488094
63.0,9.89087195714495,2.3604636116325923
63.05,9.753908481463833,2.3427376082408746
63.1,9.618484968406243,2.3259682092521734
63.15,9.484609225620272,2.3101274597554124
63.2,9.352287436855482,2.295188721605385
63.25,9.2215242433119,2.2811266251116913
63.3,9.092322848094947,2.267917007131331
63.35,8.964685098311968,2.2555368612832787
63.4,8.838611565461235,2.243964290292949
63.45,8.714101634378501,2.2331784518293154
63.5,8.591153564953979,2.223159521110711
63.55,8.46976457345309,2.2138886418729395
63.6,8.349930897191422,2.2053478860860345
63.65,8.231647853457485,2.1975202184922904
63.7,8.114909910846038,2.190389452346134
63.75,7.999710735902321,2.1839402202371008
63.8,7.886043252721454,2.178157937842678
63.85,7.773899698523463,2.1730287684118994
63.9,7.663271662968903,2.1685395984395788
63.95,7.554150143498911,2.164678003189008
64.0,7.446525586595771,2.161432219745812
64.05,7.340387924853411,2.1587911241829736
64.1,7.235726624924983,2.1567442008123066
64.15,7.132530718120435,2.1552815219159447
64.2,7.030788835865473,2.154393725776067
64.25,6.930489249520872,2.154071990369319
64.3,6.831619894275008,2.1543080173690576
64.35,6.734168401348306,2.15509401199005
64.4,6.638122131172909,2.1564226604482504
64.45,6.543468192668565,2.158287116851412
64.5,6.450193471152644,2.160680985554485
64.55,6.358284656472799,2.163598301583913
64.6,6.2677282589849845,2.167033519467154
64.65,6.178510632620379,2.1709814985173335
64.7,6.090617999011798,2.1754374857810186
64.75,6.004036461759787,2.1803971056431726
64.8,5.918752023958602,2.1858563485021296
64.85,5.834750608834704,2.191811556236014
64.9,5.7520180741993885,2.1982594111725198
64.95,5.670540223922023,2.2051969284062363
65.0,5.590302825217401,2.2126214440515812
65.05,5.51129162415714,2.2205306029450216
65.1,5.433492352023112,2.2289223539766745
65.15,5.35689074009664,2.237794940243828
65.2,5.281472532559257,2.2471468888308634
65.25,5.2072234949510765,2.2569770038606483
65.3,5.134129421713752,2.267284361194094
65.35,5.062176147453931,2.2780683006309634
65.4,4.991349557846366,2.28932841632101
65.45,4.921635593325645,2.3010645536754937
65.5,4.8530202573704795,2.3132768034782307
65.55,4.785489624448612,2.325965495958652
65.6,4.719029848664928,2.339131192635227
65.65,4.653627165695922,2.3527746846341837
65.7,4.58926789973539,2.3668969875478942
65.75,4.525938469234333,2.381499337101348
65.8,4.4636253938396715,2.3965831820261116
65.85,4.402315295955717,2.4121501825980824
65.9,4.3419949047375495,2.4282022074378196
65.95,4.282651061485287,2.4447413296335574
66.0,4.224270724027725,2.461769821577403
66.05,4.166840969345385,2.47929015226435
66.1,4.110348994473517,2.4973049864933925
66.15,4.054782121755558,2.5158171807244125
66.2,4.000127800774689,2.5348297807560534
66.25,3.946373611703351,2.5543460176478447
66.3,3.8935072656001073,2.5743693074113896
66.35,3.8415166068671507,2.5949032487627197
66.4,3.7903896155832086,2.615951621167469
66.45,3.7401144094153658,2.6375183817366565
66.5,3.6906792446424848,2.659607663931898
66.55,3.6420725165437213,2.682223777137116
66.6,3.5942827616652484,2.7053712044891216
66.65,3.547298658462935,2.7290546016733095
66.7,3.5011090285511384,2.753278794756959
66.75,3.4557028368157403,2.7780487800333202
66.8,3.411069192193061,2.80336972301921
66.85,3.3671973484704,2.8292469575200876
66.9,3.3240767047154014,2.8556859841561053
66.95,3.2816968055868814,2.882692469709217
67.0,3.240047341393887,2.9102722469762354
67.05,3.1991181485176936,2.9384313139409666
67.1,3.1588992094450474,2.967175833268884
67.15,3.119380652870701,2.996512131410835
67.2,3.0805527537142297,3.0264466985330616
67.25,3.0424059330229207,3.056986188267592
67.3,3.004930757858872,3.0881374174296115
67.35,2.9681179410706715,3.11990736556771
67.4,2.9319583411996315,3.152303174758791
67.45,2.896442962409404,3.1853321496005718
67.5,2.8615629539658283,3.2190017571586003
67.55,2.82730960999422,3.253319626867676
67.6,2.7936743690884605,3.288293550427939
67.65,2.7606488142698278,3.323931481798153
67.7,2.728224672576532,3.3602415372923367
67.75,2.6963938144547703,3.3972319956627812
67.8,2.665148253415686,3.4349112981670173
67.85,2.634480145766525,3.4732880486447995
67.9,2.6043817905298616,3.512371013548058
67.95,2.5748456286238093,3.5521691221771765
68.0,2.545864242546765,3.59269146674118
68.05,2.5174303559800197,3.633947302588194
68.1,2.4895368337215866,3.6759460482370785
68.15,2.462176681331595,3.7186972854870772
68.2,2.4353430443655872,3.762210759564215
68.25,2.409029208271189,3.8064963792348325
68.3,2.383228598173056,3.8515642169397695
68.35,2.357934778837367,3.8974245087978883
68.4,2.33314145404787,3.9440876546410437
68.45,2.308842466343926,3.991564217991235
68.5,2.2850317970435308,4.039864926070739
68.55,2.261703566210657,4.0890006698076835
68.6,2.2388520325477255,4.138982503718845
68.65,2.216471592873643,4.189821645643468
68.7,2.1945567824219037,4.241529476495114
68.75,2.173102275019626,4.294117540005715
68.8,2.1521028830980145,4.347597542688066
68.85,2.131553557666664,4.401981353129449
68.9,2.1114493882130065,4.457281001593225
68.95,2.091785603576809,4.513508679044059
69.0,2.072557572101303,4.57067673691186
69.05,2.0537608017979223,4.628797686669437
69.1,2.035390940594539,4.687884198354581
69.15,2.0174437770152616,4.747949099667952
69.2,1.9999152413415513,4.809005374364792
69.25,1.9828014056589434,4.871066162173914
69.3,1.9660984846666332,4.934144756940091
69.35,1.9498028360040933,4.998254605198957
69.4,1.9339109622972217,5.063409303376108
69.45,1.9184195120394592,5.129622596408425
69.5,1.9033252798037228,5.196908377336172
69.55,1.8886252079503891,5.265280683430797
69.6,1.8743163873335165,5.3347536946870555
69.65,1.8603960605803953,5.405341728736538
69.7,1.8468616225508332,5.4770592400705365
69.75,1.8337106211803194,5.549920818381234
69.8,1.820940759984942,5.623941182906492
69.85,1.8085498997392218,5.6991351796504714
69.9,1.7965360626507048,5.775517774299892
69.95,1.7848974325559697,5.853104051871243
70.0,1.773632356750178,5.931909213055091
70.05,1.762739349249959,6.011948566893577
70.1,1.752217093648417,6.093237525909035
70.15,1.742064448574016,6.175791596212739
70.2,1.732280447801858,6.259626377295075
70.25,1.722864302509786,6.344757557418996
70.3,1.7138154067718285,6.431200901682706
70.35,1.7051333402860396,6.5189722471665394
70.4,1.6968178764094464,6.608087487605607
70.45,1.6888689824448377,6.69856257282629
70.5,1.6812868218250343,6.790413504163247
70.55,1.6740717627000914,6.883656315902354
70.6,1.667224380879589,6.978307069738088
70.65,1.6607454699182547,7.074381834706683
70.7,1.654636041753575,7.171896685884889
70.75,1.6488973310203283,7.2708676950985405
70.8,1.643530804314565,7.371310910507029
70.85,1.638538167107564,7.4732423427472465
70.9,1.6339213733254567,7.576677945101259
70.95,1.6296826259109574,7.681633612281504
71.0,1.6258243875364151,7.788125156713234
71.05,1.6223493875964408,7.896168293066341
71.1,1.6192606368412177,8.005778607441833
71.15,1.616561431255211,8.116971549065605
71.2,1.6142553586524524,8.229762415480659
71.25,1.6123463120511548,8.344166322199255
71.3,1.6108385030998926,8.460198173766624
71.35,1.6097364723078083,8.577872641424948
71.4,1.6090450941878605,8.697204151380804
71.45,1.6087695943435238,8.81820684548464
71.5,1.608915564713782,8.940894547477662
71.55,1.6094889772650065,9.06528073254193
71.6,1.6104961910422586,9.19137851097587
71.65,1.6119439720533209,9.319200581837448
71.7,1.6138395130656982,9.4487591882976
71.75,1.6161904470755726,9.580066087132119
71.8,1.6190048606295546,9.713132517385244
71.85,1.6222913156040568,9.847969149165491
71.9,1.6260588754493217,9.984586023556085
71.95,1.6303171156848717,10.1229925282734
72.0,1.6350761472071977,10.26319734205474
72.05,1.6403466436406082,10.405208370463
72.1,1.6461398657279933,10.549032689207356
72.15,1.652467678110399,10.694676503910715
72.2,1.6593425805635549,10.842145075110974
72.25,1.6667777426811337,10.991442636655114
72.3,1.6747870207666284,11.142572355368502
72.35,1.683384992498312,11.295536246798836
72.4,1.6925869963555953,11.450335081048033
72.45,1.702409156730639,11.606968322689978
72.5,1.7128684185264442,11.765434045891347
72.55,1.723982593128489,11.925728823037403
72.6,1.7357703914591784,12.087847644987898
72.65,1.7482514606371726,12.251783830393592
72.7,1.7614464369999494,12.41752889572528
72.75,1.775376985663674,12.585072458801687
72.8,1.7900658424107585,12.754402134250618
72.85,1.8055368744691658,12.92550338297241
72.9,1.8218151246243093,13.098359403217337
72.95,1.8389268619606334,13.272951002671254
73.0,1.8568996505437692,13.4492564265783
73.05,1.8757623966939516,13.62725123924188
73.1,1.8955454124916955,13.806908162142468
73.15,1.9162804903636848,13.988196885096508
73.2,1.9380009555300783,14.171083932256195
73.25,1.9607417435830585,14.35553246189031
73.3,1.9845394781406605,14.541502066790391
73.35,2.0094325323454543,14.728948613668049
73.4,2.035461122526206,14.917823997775008
73.45,2.062667380836616,15.108075952228079
73.5,2.091095437587692,15.299647828170963
73.55,2.120791520630581,15.492478329026966
73.6,2.151804028726975,15.686501311957745
73.65,2.184183636152597,15.881645501438896
73.7,2.2179833853832642,16.077834233954576
73.75,2.253258776906362,16.27498520589185
73.8,2.2900678838056754,16.473010148758345
73.85,2.3284714364364465,16.67181458532202
73.9,2.36853293720483,16.87129749285218
73.95,2.410318761628724,17.071351001703924
74.0,2.453898257301535,17.271860092698148
74.05,2.4993438617250248,17.472702228173738
74.1,2.5467311903809406,17.67374706832936
74.15,2.5961391537654137,17.874856081329483
74.2,2.647650049798647,18.075882223145403
74.25,2.7013496623748234,18.27666958087927
74.3,2.7573273602404256,18.477052992297473
74.35,2.8156761735960982,18.67685773270349
74.4,2.8764928858576932,18.87589910372085
74.45,2.93987809504773,19.073982125118754
74.5,3.0059362793950295,19.270901157607184
74.55,3.0747758429361642,19.466439564409683
74.6,3.146509146748562,19.66036940067955
74.65,3.2212525226583275,19.852451062988848
74.7,3.299126267700817,20.04243303833503
74.75,3.3802546090803425,20.230051596470723
74.8,3.4647656478741906,20.41503057336559
74.85,3.5527912711474343,20.597081159250877
74.9,3.6444670126119645,20.775901731622888
74.95,3.73993191111058,20.951177753017642
75.0,3.83932826595361,21.1225817081989
75.05,3.942801407741261,21.289773116058118
75.1,4.05049936416579,21.452398612493777
75.15,4.16257247706557,21.610092126788146
75.2,4.279172989927795,21.76247512076975
75.25,4.40045447168979,21.909157000880796
75.3,4.526571299981936,22.049735535732687
75.35,4.657677894028563,22.183797542964424
75.4,4.793928018945883,22.31091956549749
75.45,4.9354738608340485,22.43066882833497
75.5,5.082465085240701,22.54260426912595
75.55,5.235047753602171,22.646277780489967
75.6,5.393363115531327,22.741235651530257
75.65,5.5575463421894185,22.82702013802356
75.7,5.727725051036218,22.90317134861931
75.75,5.90401783840294,22.969229182968782
75.8,6.0865325468357625,23.024735680053748
75.85,6.275364588759529,23.06923735781534
75.9,6.470594986774735,23.102288012894974
75.95,6.6722884965070755,23.123451479086405
76.0,6.880491470166048,23.132304839052257
76.05,7.095229810949328,23.12844159024069
76.1,7.3165067336171585,23.11147519484055
76.15,7.544300612753177,23.08104260299565
76.2,7.778562738214147,23.03680803109236
76.25,8.019215156512749,22.978466739781997
76.3,8.266148541507064,22.90574889542115
76.35,8.519220164682972,22.81842344543666
76.4,8.77825202628743,22.716301874079726
76.45,9.043029118425896,22.59924197375039
76.5,9.313297979167249,22.467151269068157
76.55,9.588765441806496,22.319990426958356
76.6,9.869097771419309,22.157776118883252
76.65,10.153920107852167,21.980583766351913
76.7,10.442816335655001,21.78854961628369
76.75,10.735329407832657,21.58187251225507
76.8,11.030962090293054,21.360814966401026
76.85,11.329178288897236,21.125703696375364
76.9,11.629404797715791,20.876929484177143
76.95,11.93103365568217,20.614946328243853
77.0,12.233424984473482,20.340269901557004
77.05,12.535910306837293,20.053475304654004
77.1,12.837796465445999,19.75519401881502
77.15,13.138369805795907,19.44611031374061
77.2,13.436900955582578,19.126956822335245
77.25,13.732649807381893,18.79850963788818
77.3,14.024870789896084,18.461582854381128
77.35,14.312818435189259,18.117022536690474
77.4,14.595752903657027,17.76570048658967
77.45,14.872945644624833,17.40850760857443
77.5,15.143684976075779,17.0463471209934
77.55,15.407281433867077,16.680127801572944
77.6,15.663072985305647,16.310757146042114
77.65,15.910429863235834,15.939134752451354
77.7,16.14875898505306,15.566145992902406
77.75,16.377507987440882,15.19265592161378
77.8,16.596168692344826,14.819503693433747
77.85,16.804280027026074,14.447497481362488
77.9,17.001430406380063,14.077409866448303
77.95,17.187259477324737,13.709973901415818
78.0,17.36145928597275,13.345879777404573
78.05,17.523774861184283,12.985772083874533
78.1,17.674004218427534,12.630247763500977
78.15,17.811997843739228,12.279854656573901
78.2,17.937657647170823,11.93509065227608
78.25,18.050935511997316,11.596403413662605
78.3,18.151831382036864,11.264190627729304
78.35,18.24039103591369,10.93880073679329
78.4,18.31670358207939,10.620534081414682
78.45,18.38089862519714,10.3096444716208
78.5,18.43314340850475,10.006340977226971
78.55,18.473639618937995,9.710790120448236
78.6,18.50262032584153,9.423118123417243
78.65,18.520346700296336,9.143413457445472
78.7,18.527104870716993,8.87172939401712
78.75,18.52320276197067,8.608086681157276
78.8,18.50896700660379,8.352476240385931
78.85,18.4847400313762,8.104861801413916
78.9,18.450877140664396,7.865182608395874
78.95,18.40774392932976,7.633355893321026
79.0,18.35571363873708,7.409279467041774
79.05,18.29516491484693,7.192833975671153
79.1,18.22647951540438,6.983885269953963
79.15,18.150040405041732,6.782286423841233
79.2,18.06622985060437,6.587879814958029
79.25,17.975427840367942,6.400498895708537
79.3,17.878010562820293,6.2199699609990935
79.35,17.774349137210706,6.046113665547102
79.4,17.664808443037536,5.878746488121424
79.45,17.549746144864894,5.717681994563622
79.5,17.42951182784838,5.562732025625091
79.55,17.30444629159276,5.413707714757767
79.6,17.174880945620192,5.270420433251026
79.65,17.04113733994477,5.1326825804961524
79.7,16.90352677717835,5.00030832198455
79.75,16.762350043311947,4.873114175028038
79.8,16.61789719907285,4.750919573243192
79.85,16.47044747057047,4.633547276750815
79.9,16.32026919154332,4.520823787508902
79.95,16.167619812085356,4.412579622504137
80.0,16.012745967185726,4.308649592661878
80.05,15.855883572354943,4.208872979638158
80.1,15.697257985322336,4.113093692493314
80.15,15.537084175474591,4.021160373259664
80.2,15.375566940435219,3.932926459255138
80.25,15.212901142299442,3.8482502250898265
80.3,15.049271949288528,3.7669947826351025
80.35,14.88485512703813,3.689028064170691
80.4,14.7198172893616,3.6142227842059396
80.45,14.554316223482068,3.5424563737614836
80.5,14.388501152412852,3.473610915474521
80.55,14.22251306396765,3.407573045925353
80.6,14.056484992880694,3.344233866522185
80.65,13.890542332510405,3.2834888307421264
80.7,13.724803135516028,3.22523763290084
80.75,13.559378400943649,3.1693840913879754
80.8,13.394372386216453,3.1158360195821078
80.85,13.229882867963344,3.064505111470932
80.9,13.066001455260205,3.015306801103265
80.95,12.902813832260284,2.968160150301064
81.0,12.740400055308944,2.922987707197584
81.05,12.578834790150644,2.879715391633946
81.1,12.418187579057168,2.8382723622628814
81.15,12.258523078649203,2.7985908973346243
81.2,12.099901294157894,2.7606062742836444
81.25,11.942377816766433,2.7242566468808307
81.3,11.786004025488566,2.689482938885043
81.35,11.630827320918032,2.6562287197857875
81.4,11.476891302735494,2.6244401093702234
81.45,11.324235987764014,2.5940656593351576
81.5,11.172897977990726,2.5650562612353514
81.55,11.0229106501736,2.5373650418488607
81.6,10.87430432403645,2.5109472694125903
81.65,10.727106420791241,2.4857602649630044
81.7,10.581341631794166,2.4617633069517866
81.75,10.43703204976234,2.4389175568662727
81.8,10.294197331101621,2.417185966494124
81.85,10.15285481458124,2.396533209566921
81.9,10.013019661533058,2.3769256011441167
81.95,9.874704976804827,2.358331026922928
82.0,9.737921920767443,2.340718878374231
82.05,9.602679833643073,2.3240599795171395
82.1,9.468986325803648,2.3083265338396695
82.15,9.336847393912231,2.293492055839345
82.2,9.206267507914518,2.279531318833466
82.25,9.077249703913791,2.2664203002171748
82.3,8.949795678369759,2.2541361244534865
82.35,8.823905857726704,2.2426570214427084
82.4,8.699579490160444,2.2319622712994995
82.45,8.576814711510735,2.2220321637758014
82.5,8.455608616723014,2.2128479555234026
82.55,8.335957334409681,2.2043918238997304
82.6,8.21785607863423,2.1966468352750876
82.65,8.101299218775248,2.189596902425669
82.7,7.986280334383013,2.1832267497633233
82.75,7.87279226408559,2.177521883629917
82.8,7.760827167038728,2.1724685537091215
82.85,7.650376562259681,2.168053727888355
82.9,7.541431377779457,2.1642650621732993
82.95,7.433981999673963,2.1610908689150277
83.0,7.328018304009241,2.1585200965014213
83.05,7.223529701836287,2.156542301332954
83.1,7.1205051785335405,2.1551476216207277
83.15,7.018933320909585,2.154326760247353
83.2,6.918802357153965,2.1540709593284793
83.25,6.820100188048283,2.154371978906615
83.3,6.722814410663374,2.1552220819323233
83.35,6.626932352741677,2.1566140119206594
83.4,6.5324410983190875,2.158540975015653
83.45,6.439327507738838,2.160996627176071
83.5,6.347578246753863,2.163975054997039
83.55,6.257179808817516,2.167470759671483
83.6,6.168118530854841,2.1714786466756846
83.65,6.080380617595963,2.1759940097006987
83.7,5.993952162176244,2.181012515400948
83.75,5.908819157416068,2.1865301956914096
83.8,5.82496751629632,2.1925434343468195
83.85,5.742383090632736,2.1990489528323787
83.9,5.661051679957929,2.206043803754242
83.95,5.580959047517964,2.2135253603542235
84.0,5.502090935996446,2.221491304730088
84.05,5.424433078187562,2.229939619328544
84.1,5.347971205957509,2.2388685807870377
84.15,5.272691063701871,2.248276750672411
84.2,5.198578421063503,2.2581629648036556
84.25,5.125619077361135,2.2685263297441054
84.3,5.05379887245871,2.2793662153554735
84.35,4.983103696432801,2.290682247250098
84.4,4.913519498623913,2.302474298759099
84.45,4.845032290356214,2.3147424888113224
84.5,4.777628154851744,2.3274871750246753
84.55,4.711293254111406,2.34070894766014
84.6,4.6460138357224805,2.354408623246921
84.65,4.5817762344669,2.368587243274822
84.7,4.518566880414972,2.38324606834772
84.75,4.456372303589954,2.3983865739042414
84.8,4.395179139943336,2.4140104441323396
84.85,4.334974132060906,2.4301195713307466
84.9,4.27574413463778,2.4467160516189277
84.95,4.217476118190102,2.463802182001063
85.0,4.160157173804469,2.481380454803158
85.05,4.103774514394113,2.499453556392156
85.1,4.048315476443604,2.5180243656466956
85.15,3.993767524675536,2.537095950306203
85.2,3.9401182538905455,2.5566715642394975
85.25,3.8873553915350807,2.5767546443992644
85.3,3.835466797912617,2.5973488106050917
85.35,3.7844404691189566,2.6184578628991875
85.4,3.7342645385210194,2.6400857800335844
85.45,3.6849272787508074,2.6622367163294998
85.5,3.6364171021944602,2.6849150010624685
85.55,3.588722561696489,2.708125137682935
85.6,3.5418323524895747,2.73187180195334
85.65,3.4957353127366493,2.7561598405359193
85.7,3.4504204244748933,2.780994269393014
85.75,3.405876813675006,2.8063802736967896
85.8,3.3620937511281337,2.832323206668276
85.85,3.319060652881708,2.858828588869073
85.9,3.2767670806747766,2.8859021067292345
85.95,3.235202742079469,2.9135496122389535
86.0,3.1943574905856975,2.9417771226894494
86.05,3.1542213258882246,2.970590819976393
86.1,3.1147843938303366,2.9999970500403585
86.15,3.0760369864504553,3.0300023222259473
86.2,3.037969541975036,3.060613309257069
86.25,3.0005726446190706,3.091836846973908
86.3,2.963837024431792,3.1236799341244263
86.35,2.927753557013077,3.1561497319568392
86.4,2.8923132634505286,3.1892535641316364
86.45,2.8575073101549187,3.2229989167223687
86.5,2.8233270082782216,3.2573934382032235
86.55,2.789763813462145,3.2924449393665274
86.6,2.7568093254822363,3.3281613932907
86.65,2.724455288219192,3.364550935345288
86.7,2.692693589046648,3.4016218633460547
86.75,2.6615162583754826,3.439382637605625
86.8,2.63091546922877,3.477841881072182
86.85,2.6008835370871664,3.517008379382415
86.9,2.5714129197033144,3.556891080928174
86.95,2.542496216225355,3.597499097088758
87.0,2.5141261669888904,3.6388417023078987
87.05,2.4862956531544844,3.680928334308209
87.1,2.458997696679062,3.7237685941039436
87.15,2.4322254597667365,3.7673722461472168
87.2,2.405972244321466,3.811749218399124
87.25,2.380231491811942,3.85690960248218
87.3,2.3549967831499936,3.9028636537505865
87.35,2.330261838603854,3.949621791287883
87.4,2.3060205171129144,3.9971945978883117
87.45,2.2822668162474375,4.04559282000302
87.5,2.2589948722351845,4.09482736770278
87.55,2.236198959949216,4.144909314675588
87.6,2.2138734927438657,4.195849897974962
87.65,2.1920130220470786,4.247660517765632
87.7,2.170612237835434,4.3003527369059595
87.75,2.149665968765603,4.353938280738872
87.8,2.129169182209049,4.408429036970537
87.85,2.109116984221225,4.463837054764247
87.9,2.089504619714584,4.520174544280104
87.95,2.070327473363203,4.577453875574842
88.0,2.0515810696780887,4.635687578476014
88.05,2.033261073328572,4.6948883417488405
88.1,2.0153632893490774,4.755069011707818
88.15,1.99788366428363,4.816242590822775
88.2,1.9808182871214486,4.8784222363444325
88.25,1.9641633893675592,4.941621260169503
88.3,1.947915346103707,5.005853126311446
88.35,1.9320706763652218,5.071131449713014
88.4,1.916626045580965,5.137469992755774
88.45,1.901578266107127,5.204882664399806
88.5,1.8869242977000618,5.273383519253934
88.55,1.8726612493215617,5.342986753344954
88.6,1.8587863803131799,5.413706702165763
88.65,1.8452971036300383,5.485557835495786
88.7,1.8321909860526204,5.5585547570332245
88.75,1.819465749626697,5.632712201526876
88.8,1.8071192738924406,5.708045029558731
88.85,1.7951495985413035,5.784568223246612
88.9,1.7835549271567919,5.862296879748455
88.95,1.7723336272616868,5.941246211175596
89.0,1.7614842330569496,6.0214315390698046
89.05,1.7510054480418753,6.102868288291779
89.1,1.7408961493074488,6.1855719795733
89.15,1.7311553923610272,6.269558220631166
89.2,1.7217824111396411,6.354842706141683
89.25,1.7127766211312738,6.44144121130862
89.3,1.7041376246443667,6.529369580307728
89.35,1.6958652147179774,6.618643719246835
89.4,1.6879593826141468,6.70927958167494
89.45,1.6804203179342847,6.801293168350595
89.5,1.6732484120686844,6.894700519948476
89.55,1.666444266343993,6.989517699310704
89.6,1.6600086965953518,7.085760782751614
89.65,1.6539427423267532,7.183445841605047
89.7,1.6482476669408959,7.282588941750061
89.75,1.6429249647982203,7.383206128304561
89.8,1.6379763683188129,7.485313409848201
89.85,1.63340385849427,7.588926737014838
89.9,1.6292096716404176,7.694061988382527
89.95,1.6253963010067298,7.800734966934037
90.0,1.6219665094530393,7.908961371767184
90.05,1.6189233368491573,8.018756782129483
90.1,1.6162701147094858,8.130136626292844
90.15,1.6140104681398775,8.243116177328664
90.2,1.6121483273646955,8.357710527050733
90.25,1.610687938542015,8.473934561565683
90.3,1.6096338812258608,8.591802923347423
90.35,1.6089910735193744,8.711329999900933
90.4,1.6087647833630672,8.832529897854657
90.45,1.6089606432959016,8.955416409007444
90.5,1.6095846703895882,9.080002966104473
90.55,1.6106432736049476,9.206302626338823
90.6,1.6121432682204546,9.334328037715224
90.65,1.614091893930565,9.46409139705181
90.7,1.6164968381865954,9.59560439721664
90.75,1.6193662438903553,9.728878209444689
90.8,1.622708730383522,9.863923433695614
90.85,1.626533416600817,10.000750044834865
90.9,1.630849943848689,10.139367340281684
90.95,1.6356684880239278,10.279783911022923
91.0,1.6409997875000772,10.422007575047548
91.05,1.6468551734340122,10.566045306710146
91.1,1.65324658589296,10.711903198861538
91.15,1.6601866007609882,10.859586397883387
91.2,1.6676884639375997,11.009099022320802
91.25,1.6757661190013875,11.16044409760688
91.3,1.6844342308012552,11.313623498728063
91.35,1.6937082243175698,11.46863785618973
91.4,1.703604322514445,11.625486465732426
91.45,1.714139570426018,11.784167229570313
91.5,1.7253318788436531,11.94467654938645
91.55,1.7372000700297023,12.107009216006388
91.6,1.7497639057522385,12.271158340605977
91.65,1.7630441366600214,12.437115232578526
91.7,1.7770625545725443,12.604869271866567
91.75,1.7918420262782007,12.774407825224637
91.8,1.8074065500534657,12.945716105121209
91.85,1.8237813138812538,13.118777025931701
91.9,1.8409927359294422,13.293571102343492
91.95,1.8590685308228054,13.470076282348337
92.0,1.8780377714169143,13.648267792695574
92.05,1.8979309385626268,13.828118012100065
92.1,1.9187799992105268,14.009596272315415
92.15,1.94061846769081,14.19266870240446
92.2,1.9634814709105546,14.377298060003717
92.25,1.9874058351855421,14.56344350721343
92.3,2.0124301478185234,14.75106045070847
92.35,2.0385948415985724,14.940100319390854
92.4,2.0659422833968772,15.13051033154193
92.45,2.0945168434860824,15.322233309894438
92.5,2.124364998697857,15.515207404630047
92.55,2.155535413264679,15.70936587521362
92.6,2.1880790307884315,15.904636837802139
92.65,2.222049180850685,16.10094297076032
92.7,2.2575016599322097,16.29820128771195
92.75,2.2944948461113093,16.49632281124657
92.8,2.333089793103254,16.69521230212755
92.85,2.3733503316383917,16.89476796095044
92.9,2.41534318447832,17.094881083897693
92.95,2.459138055032474,17.295435791341184
93.0,2.504807747986284,17.49630864879885
93.05,2.5524282628193182,17.6973683646479
93.1,2.602078899420778,17.898475437056263
93.15,2.6538423637491513,18.099481785641427
93.2,2.707804853471826,18.30023043968932
93.25,2.7640561640377155,18.50055512790382
93.3,2.8226897630783485,18.70027996982543
93.35,2.883802876881564,18.89921908642306
93.4,2.9474965580982553,19.097176253100102
93.45,3.0138757426253564,19.2939445668959
93.5,3.083049298804561,19.489306069932976
93.55,3.1551300534664484,19.683031468686515
93.6,3.2302348051595007,19.874879777110273
93.65,3.3084843136186586,20.064598055417896
93.7,3.3900032672446065,20.251921132155605
93.75,3.4749202136453756,20.43657136024189
93.8,3.563367479146811,20.61825843720503
93.85,3.6554810166047074,20.79667922672271
93.9,3.7514002570361495,20.971517669265467
93.95,3.851267877888838,21.14244472373416
94.0,3.9552295342260173,21.309118392626104
94.05,4.063433558266052,21.47118380310559
94.1,4.176030527296204,21.62827341199125
94.15,4.293172876056012,21.78000723896318
94.2,4.415014301760406,21.92599329547096
94.25,4.541709214482833,22.065828038234752
94.3,4.673412014295419,22.199097021035016
94.35,4.810276309851224,22.325375661111
94.4,4.952454063628886,22.444230129690933
94.45,5.100094553573283,22.55521849496211
94.5,5.253343362882426,22.65789188632629
94.55,5.4123410736289745,22.75179606088579
94.6,5.577222068033687,22.83647289487325
94.65,5.748112965129217,22.911462391138155
94.7,5.92513120515462,22.976304553485807
94.75,6.10838324608425,23.030541841401053
94.8,6.297962926624312,23.07372145891729
94.85,6.493949444540257,23.10539825518537
94.9,6.696405520305906,23.1251374272544
94.95,6.905375195584143,23.132517843989824
95.0,7.1208818432143905,23.12713513135938
95.05,7.342925852586713,23.10860535831019
95.1,7.571482553874776,23.076568443658687
95.15,7.806499892035449,23.030692090811165
95.2,8.047896358050734,22.970675421692125
95.25,8.295558786304088,22.896252994097306
95.3,8.549340416612043,22.807198523230284
95.35,8.809058972548696,22.70332877417647
95.4,9.074495013559702,22.584507174167857
95.45,9.345390461339981,22.450647350039745
95.5,9.621447431184142,22.301716376597728
95.55,9.90232737371298,22.137737715074685
95.6,10.187650583778353,21.958793815643393
95.65,10.476996112662059,21.765028206583846
95.7,10.769902144807071,21.556647160871016
95.75,11.065866801013254,21.333920718034356
95.8,11.364349534402699,21.097183139389156
95.85,11.664772912247846,20.84683269393765
95.9,11.96652508234528,20.583330710714367
95.95,12.26896260722455,20.307199985733547
96.0,12.57141391834439,20.019022397859253
96.05,12.873183214091751,19.719435838285587
96.1,13.173554738098803,19.409130499594145
96.15,13.471797604116185,19.08884437397955
96.2,13.767170766754589,18.759358329861723
96.25,14.05892839270083,18.421490518286234
96.3,14.346325383963846,18.07609036041057
96.35,14.628622922171303,17.724032263774102
96.4,14.905094166421776,17.36620891444614
96.45,15.175029763676598,17.00352454305187
96.5,15.437743204014799,16.6368881336769
96.55,15.692576008420671,16.26720658302341
96.6,15.93890249271702,15.89537814750371
96.65,16.17613415780018,15.522286120892343
96.7,16.40372366408201,15.148792790203716
96.75,16.62116822206084,14.77573393094781
96.8,16.82801246181929,14.40391376030463
96.85,17.023850737624365,14.034100406046816
96.9,17.208328799677712,13.66702205349368
96.95,17.381144900510886,13.303363661853865
97.0,17.542050301474806,12.94376431795441
97.05,17.690849220440562,12.588815264433013
97.1,17.827398243700557,12.239058503562944
97.15,17.951605235350318,11.89498603086944
97.2,18.063427833970366,11.55703961459422
97.25,18.162871480569933,11.225611114196195
97.3,18.24998719108288,10.901043248761098
97.35,18.3248689657054,10.583630814354944
97.4,18.387650994159518,10.27362225926753
97.45,18.438504726828405,9.971221541867285
97.5,18.47763569284929,9.676590333343757
97.55,18.50528044599206,9.389850276973407
97.6,18.521703230869438,9.111085591743887
97.65,18.52719292262447,8.840345569641109
97.7,18.522059778428694,8.577647335638753
97.75,18.50663245778364,8.322978460263963
97.8,18.481255024728704,8.076299680679872
97.85,18.446284145610527,7.83754750688931
97.9,18.402086428272366,7.606636776898297
97.95,18.349035875713277,7.383463155592548
98.0,18.287511606855603,7.167905440097296
98.05,18.21789561864244,6.959827875034166
98.1,18.140570891818204,6.759082170780575
98.15,18.055919497580383,6.565509573956906
98.2,17.964321062525954,6.37894259776279
98.25,17.866151231986674,6.1992068102729405
98.3,17.76178046073744,6.026122289802144
98.35,17.651572818083643,5.85950512293643
98.4,17.53588507147805,5.699168601098058
98.45,17.415065799486843,5.544924443645774
98.5,17.289454735483222,5.39658375379743
98.55,17.15938214669263,5.253957995103026
98.6,17.02516840267614,5.116859728998452
98.65,16.887123579618244,4.985103375842348
98.7,16.7455472146424,4.858505763115115
98.75,16.600728100089743,4.736886697122552
98.8,16.452944183492562,4.620069358705679
98.85,16.302462519760407,4.507880704351941
98.9,16.14953928411204,4.400151747758172
98.95,15.994419845201897,4.29671781086827
99.0,15.837338872276595,4.19741871625563
99.05,15.678520488966967,4.102098921296748
99.1,15.518178463718948,4.010607630076172
99.15,15.356516408652075,3.922798846701205
99.2,15.19372803975968,3.8385314131629547
99.25,15.029997402213583,3.7576690105217048
99.3,14.865499173639071,3.6800801337631115
99.35,14.700398917239623,3.6056380555598357
99.4,14.534853395001273,3.5342207575601856
99.45,14.36901085215211,3.4657108611300753
99.5,14.203011320471589,3.39999553430851
99.55,14.036986928426009,3.33696639295118
99.6,13.871062184595417,3.2765193974944196
99.65,13.70535430467075,3.21855472984461
99.7,13.539973475332351,3.16297668667818
99.75,13.375023181007302,3.1096935420182774
99.8,13.210600459080762,3.0586174362290883
99.85,13.046796206465872,3.0096642367753055
99.9,12.883695436422176,2.9627534199155177
99.95,12.721377553777284,2.9178079386546645
100.0,12.559916614052597,2.8747540975094745
