theta,firm1,firm2
0.0,7.2,9.1
0.05,7.567121671059689,9.52419481904883
0.1,7.952861549372127,9.96813808888395
0.15,8.358153644097142,10.43274678703383
0.2,8.783977789534303,10.918980238390725
0.25,9.231361789482316,11.42784204952046
0.3,9.70138364985377,11.960382128048298
0.35,10.195173904122417,12.517698792541
0.4,10.713918033358848,13.100940975954021
0.45,11.25885898320801,13.711310526467681
0.5,11.831299780328385,14.350064609919576
0.55,12.432606250532482,15.018518218046772
0.6,13.064209840640643,15.718046786833488
0.65,13.727610545879966,16.45008892941706
0.7,14.424379944462064,17.21614928818216
0.75,15.156164340721928,18.017801510841498
0.8,15.924688017886751,18.85669135545655
0.85,16.731756601170122,19.73453992949913
0.9,17.57926053145408,20.653147068199058
0.95,18.469178649327105,21.614394857567497
1.0,19.403581888685316,22.620251307630276
1.05,20.38463707826793,23.6727741813405
1.1,21.414610848203736,24.774114984157404
1.15,22.49587364176085,25.926523123471107
1.2,23.6309038243256,27.132350239684946
1.25,24.82229188725432,28.39405471774441
1.3,26.0727447402534,29.71420638509192
1.35,27.385090084864682,31.095491402311616
1.4,28.76228086039065,32.54071735299089
1.45,30.207399752035695,34.05281853940777
1.5,31.723663748720746,35.6348614899528
1.55,33.31442873668983,37.290050684830994
1.6,34.9831941161388,39.021734510758364
1.65,36.7336074174806,40.83341144476847
1.7,38.56946890035202,42.72873647876687
1.75,40.49473611076582,44.7115277901432
1.8,42.51352836979872,46.78577366490473
1.85,44.63013116397881,48.95563967975499
1.9,46.84900040376524,51.22547614899479
1.95,49.1747665116024,53.599825839460955
2.0,51.61223830254108,56.083431967867234
2.05,54.166406606462054,58.681246475628704
2.1,56.84244758382646,61.398438591900195
2.15,59.64572567846046,64.24040368889247
2.2,62.5817961452357,67.21277243276288
2.25,65.65640708475685,70.32142023336627
2.3,68.87550091067787,73.57247699433279
2.35,72.24521516886306,76.9723371617833
2.4,75.7718826211944,80.52767008487005
2.45,79.46203049803384,84.24543067137245
2.5,83.32237881543223,88.13287034750648
2.55,87.35983764446257,92.19754831659256
2.6,91.58150321147849,96.44734311140977
2.65,95.99465269913418,100.89046443353868
2.7,100.60673761411492,105.53546526360587
2.75,105.42537556354776,110.39125424932588
2.8,110.45834029481958,115.46710834189354
2.85,115.71354982479207,120.77268567256017
2.9,121.1990524782848,126.31803865313941
2.95,126.9230106495754,132.11362727665175
3.0,132.89368209413175,138.17033259046508
3.05,139.1193985615196,144.4994703045671
3.1,145.60854152152226,151.11280452895042
3.15,152.36951482022965,158.02256157169205
3.2,159.41071399616172,165.24144377836024
3.25,166.74049203491825,172.7826433593644
3.3,174.36712133939022,180.6598561479
3.35,182.29875173139874,188.88729521468247
3.4,190.54336416525092,197.47970431112924
3.45,199.1087200606075,206.4523710324921
3.5,208.00230592453605,215.82113964793788
3.55,217.2312730793726,225.60242350080208
3.6,226.80237241658264,235.81321686171606
3.65,236.72188392559383,246.47110614996058
3.7,246.99554096698293,257.59428041229125
3.75,257.6284491244901,269.20154093106396
3.8,268.62499948826957,281.312309830433
3.85,279.988776622161,293.94663750497784
3.9,291.72246109471286,307.1252087378441
3.95,303.82772689623266,320.86934735976666
4.0,316.3051336657536,335.2010192530782
4.05,329.15401402512833,350.1428334893815
4.1,342.3723568572206,365.7180413875376
4.15,355.9566865657792,381.9505333277365
4.2,369.90193923492245,398.86483309350615
4.25,384.2013358008168,416.4860894215233
4.3,398.8462539966276,434.8400645465309
4.35,413.8260995306035,453.9531195030577
4.4,429.12817794901565,473.8521959747704
4.45,444.7375677289395,494.56479419538726
4.5,460.6369971772748,516.118946768574
4.55,476.8067261461564,538.5431881055989
4.6,493.2244345103067,561.8665192588255
4.65,509.8651187921695,586.1183674882111
4.7,526.7010000308926,611.3285406261904
4.75,543.7014444237188,637.5271758398254
4.8,560.8328991452322,664.7446825492378
4.85,578.0588457264245,693.0116787821569
4.9,595.339773843675,722.3589212894029
4.95,612.633177642217,752.8172288956414
5.0,629.8935771202033,784.4173989160317
5.05,647.0725675004747,817.1901159837904
5.1,664.1188984211506,851.1658538728625
5.15,680.97858541635,886.3747697379457
5.2,697.5950554804427,922.8465908745947
5.25,713.9093294263793,960.6104934100795
5.3,729.8602410935061,999.6949738363021
5.35,745.3846953460322,1040.127712916403
5.4,760.4179647296816,1081.9354325379907
5.45,774.8940264369724,1125.1437450215421
5.5,788.7459373919709,1169.7769960697585
5.55,801.9062468977507,1215.858101486915
5.6,814.307444688078,1263.4083784596585
5.65,825.8824430389251,1312.4473715493014
5.7,836.5650894025686,1362.9926743946571
5.75,846.2907037215392,1415.059748600267
5.8,854.9966379376693,1468.6617401575384
5.85,862.6228505952798,1523.8092950703706
5.9,869.1124927445885,1580.5103747050016
5.95,874.4124955031584,1638.7700731738958
6.0,878.474153402462,1698.5904377985726
6.05,881.2536947952432,1759.9702946292248
6.1,882.7128331141032,1822.9050800622883
6.15,882.8192892523587,1887.3866807641393
6.2,881.5472753318232,1953.403284118619
6.25,878.8779330575709,2020.9392407329337
6.3,874.7997186927358,2089.97494079983
6.35,869.3087265114048,2160.486706262467
6.4,862.4089420617485,2232.446701163136
6.45,854.1124203951267,2305.822861803821
6.5,844.4393843537065,2380.578847925735
6.55,833.4182354534705,2456.6740173250414
6.6,821.085480341135,2534.0634244560333
6.65,807.4855579919199,2612.6978467816557
6.7,792.6705891877236,2692.523834620637
6.75,776.7000231120835,2773.483792729863
6.8,759.6402038575678,2855.5160874250755
6.85,741.5638566459476,2938.555182513083
6.9,722.5494869312662,3022.5318060046607
6.95,702.6807188784604,3107.373142282904
7.0,682.0455708049425,3193.0030523962528
7.05,660.7356748098292,3279.3423217808972
7.1,638.8454592114875,3366.3089317869744
7.15,616.4713016861573,3453.818354379323
7.2,593.7106657709908,3541.783867845625
7.25,570.6612321672452,3630.116891459048
7.3,547.4200390927068,3718.7273360176255
7.35,524.0826442142823,3807.5239673176443
7.4,500.7423199608411,3896.414779539776
7.45,477.48929288499744,3985.307375702648
7.5,454.41003852237185,4074.1093513700866
7.55,431.58664043260615,4162.728678469514
7.6,409.09622140335085,4251.0740858151485
7.65,387.0104532384771,4339.055432969266
7.7,365.39514984972226,4426.584074216275
7.75,344.3099466937796,4513.573209568401
7.8,323.8080678900542,4599.938219928524
7.85,303.9361806927333,4685.5969837159355
7.9,284.734335235883,4770.47017273735
7.95,266.2359877325076,4854.481524081054
8.0,248.4680962190932,4937.558089346434
8.05,231.4512940786385,5019.630455177367
8.1,215.2001228782109,5100.6329380859925
8.15,199.72332294665858,5180.503750443755
8.2,185.02417277131542,5259.185138310128
8.25,171.10086734092465,5336.62349049203
8.3,157.94692767998941,5412.769419315534
8.35,145.5516325229337,5487.577813588719
8.4,133.9004640468205,5561.0078645876265
8.45,122.97555979684209,5633.023066122971
8.5,112.75616340232307,5703.591189973444
8.55,103.21906757658738,5772.684238157628
8.6,94.33904352545727,5840.278373698827
8.65,86.08925209149379,5906.353831572307
8.7,78.44163193785235,5970.894811741719
8.75,71.36726202668929,6033.889356162113
8.8,64.83669559683209,6095.329211647054
8.85,58.82026412215032,6155.209680608125
8.9,53.288350198137984,6213.529461499702
8.95,48.21162921366499,6270.2904808910125
9.0,43.56127989519196,6325.497718966844
9.05,39.30916473352006,6379.159030135786
9.1,35.42798138301954,6431.28496043782
9.15,31.891386600680327,6481.888563243549
9.2,28.674094593589885,6530.985214646476
9.25,25.75195174075918,6578.592429866708
9.3,23.101989818900662,6624.729681821113
9.35,20.70245991108359,6669.418222908555
9.4,18.532849197220674,6712.680910929658
9.45,16.57388277305532,6754.542039943786
9.5,14.807512576346012,6795.0271767477325
9.55,13.216895397052351,6834.163003546182
9.6,11.786361823638218,6871.9771672780425
9.65,10.501377837879481,6908.498135962729
9.7,9.348500621185009,6943.755062337426
9.75,8.3153299812839,6977.7776549707505
9.8,7.390456653387299,7010.596056960078
9.85,6.563408578045366,7042.240732249552
9.9,5.824596111649446,7072.742359542892
9.95,5.165256986972216,7102.131733729858
10.0,4.57740171181583,7130.439674696974
10.05,4.05375997476299,7157.696943351677
10.1,3.587728518767679,7183.934164654147
10.15,3.173320846096111,7209.181757422012
10.2,2.8051190318434065,7233.469870649759
10.25,2.4782278475859445,7256.828326066322
10.3,2.188231331183375,7279.286566640622
10.35,1.931151882683741,7300.873610735362
10.4,1.7034119189950858,7321.618011603544
10.45,1.501798080696613,7341.547821919721
10.5,1.3234279522829364,7360.690563038399
10.55,1.1657192314807712,7379.073198674863
10.6,1.0263612632823882,7396.722112708776
10.65,0.9032888392773407,7413.663090817705
10.7,0.7946581520490011,7429.921305656018
10.75,0.6988247872045923,7445.52130530419
10.8,0.6143236314510301,7460.487004723953
10.85,0.5398505734936755,7474.841679966001
10.9,0.47424587495766773,7488.607964888657
10.95,0.41647909060054744,7501.807850157972
11.0,0.365635420440055,7514.462684312055
11.05,0.32090338075343056,7526.593176684746
11.1,0.28156368624374495,7538.21940199576
11.15,0.24697924078404623,7549.360806426695
11.2,0.21658614043850224,7560.036215014612
11.25,0.18988559804207533,7570.263840206012
11.3,0.1664367053216806,7580.061291424997
11.35,0.14584995492968914,7589.445585518626
11.4,0.12778144869652552,7598.433157958651
11.45,0.1119277258596276,7607.039874682535
11.5,0.09802115175318606,7615.281044463417
11.55,0.08582580754292153,7623.1714317246
11.6,0.07513383380928759,7630.7252696933565
11.65,0.0657621777719102,7637.956273832239
11.7,0.057549705149493924,7644.877655455918
11.75,0.05035463520549282,7651.502135488311
11.8,0.044052267755142586,7657.841958276772
11.85,0.03853296723006417,7663.908905436714
11.9,0.0337003789846607,7669.714309654742
11.95,0.02946985064628566,7675.269068419968
12.0,0.02576703563911168,7680.58365765175
12.05,0.0225266599401488,7685.668145174864
12.1,0.019691432715766025,7690.532204024228
12.15,0.017211084860033473,7695.185125551082
12.2,0.015041520724865906,7699.63583231228
12.25,0.013144070468558085,7703.892890717729
12.3,0.01148483122010237,7707.964523423646
12.35,0.010034086772876928,7711.858621459145
12.4,0.008765796710426915,7715.582756075017
12.45,0.0076571468637732475,7719.144190305986
12.5,0.006688153903493462,7722.5498902399195
12.55,0.005841317684733706,7725.806535989214
12.6,0.005101315693947252,7728.9205323612305
12.65,0.004454734597739949,7731.898019225908
12.7,0.003889834472480334,7734.7448815799235
12.75,0.003396341804512207,7737.466759307872
12.8,0.0029652678014604112,7740.069056642295
12.85,0.002588748952049933,7742.556951326187
12.9,0.0022599071328138205,7744.93540348333
12.95,0.001972727066883626,7747.209164187257
13.0,0.0017219487943567478,7749.382783750468
13.05,0.0015029734806094035,7751.46061972267
13.1,0.0013117807233705302,7753.446844626718
13.15,0.0011448561208986306,7755.345453429329
13.2,0.000999128183856962,7757.160270707979
13.25,0.0008719127940988521,7758.894957577393
13.3,0.0007608643006139083,7760.553018408913
13.35,0.000663933258429649,7762.13780724431
13.4,0.0005793293746163612,7763.652533951264
13.45,0.0005054884273809641,7765.100270257541
13.5,0.00044104416617029825,7766.483955447651
13.55,0.0003848034458574,7767.806401832586
13.6,0.0003357238763675722,7769.070300178411
13.65,0.00029289551524240993,7770.278224653715
13.7,0.0002555235039234618,7771.432637845082
13.75,0.00022291392744326898,7772.53589541325
13.8,0.00019446094774201977,7773.590250573369
13.85,0.00016963548373726613,7774.597858561268
13.9,0.00014797588145164952,7775.56078059581
13.95,0.00012907885963224085,7776.480988134143
14.0,0.00011259268912734905,7777.360366407524
14.05,9.821007338032369e-5,7778.200718426989
14.1,8.566305393444631e-5,7779.003768172563
14.15,7.471757182362149e-5,7779.7711643063585
14.2,6.516945549085521e-5,7780.504483134789
14.25,5.684054954548036e-5,7781.2052319008735
14.3,4.957522102381486e-5,7781.874851746143
14.35,4.323795093804348e-5,7782.514720373194
14.4,3.771013463944828e-5,7783.126155186689
14.45,3.288861338563883e-5,7783.710415368531
14.5,2.8683166182430433e-5,7784.268704953852
14.55,2.501508264469272e-5,7784.802174869991
14.6,2.1815889021981276e-5,7785.311925203415
14.65,1.9025559379815178e-5,7785.799007866169
14.7,1.6591933709657847e-5,7786.264428067601
14.75,1.4469496647081753e-5,7786.709146785786
14.8,1.2618366105623392e-5,7787.134082750917
14.85,1.1003965598074574e-5,7787.540113770991
14.9,9.596063374645458e-6,7787.928079097569
14.95,8.368162892018101e-6,7788.298781012052
15.0,7.297326522476226e-6,7788.652985967408
15.05,6.363514186573446e-6,7788.9914266904325
15.1,5.5491186082087865e-6,7789.314803703187
15.15,4.838887169626858e-6,7789.62378621541
15.2,4.219576451177824e-6,7789.919013710963
15.25,3.679503715749714e-6,7790.201097782414
15.3,3.2084864232982744e-6,7790.470622767378
15.35,2.7977685475910444e-6,7790.728146706367
15.4,2.4396435182670924e-6,7790.974203297038
15.45,2.1273284064467704e-6,7791.20930270178
15.5,1.8549527360205203e-6,7791.433932239189
15.55,1.6174692393373841e-6,7791.6485572645715
15.6,1.4104043439617803e-6,7791.853623014159
15.65,1.2298237518539504e-6,7792.049554967574
15.7,1.072333569474255e-6,7792.236759523237
15.75,9.350260969141915e-7,7792.415624665031
15.8,8.153163996925336e-7,7792.586521671013
15.85,7.109232046744021e-7,7792.749805389783
15.9,6.19869593385993e-7,7792.905814778966
15.95,5.404816679649825e-7,7793.05487326939
16.0,4.712770459276272e-7,7793.1972902699035
16.05,4.109371237412767e-7,7793.333361731027
16.1,3.583066706179046e-7,7793.463370289725
16.15,3.124061263827572e-7,7793.587585824983
16.2,2.7239437084847697e-7,7793.706265949253
16.25,2.375172308953752e-7,7793.819657306101
16.3,2.071052946199191e-7,7793.927995661353
16.35,1.8057489973024136e-7,7794.031506147428
16.4,1.5743863253084584e-7,7794.130403627898
16.45,1.37273055109626e-7,7794.224893293408
16.5,1.1969706258976493e-7,7794.315171635507
16.55,1.0437165179100155e-7,7794.401426467648
16.6,9.100067730063696e-8,7794.483837107111
16.65,7.933876049197334e-8,7794.562574712351
16.7,6.917462421620566e-8,7794.637802606011
16.75,6.031728211525828e-8,7794.70967723969
16.8,5.259579869559404e-8,7794.778348232149
16.85,4.5859351280342716e-8,7794.84395841015
16.9,3.9981418882147876e-8,7794.90664422359
16.95,3.4857396731845155e-8,7794.96653563281
17.0,3.039282864217332e-8,7795.02375708768
17.05,2.6502396071125286e-8,7795.078427730124
17.1,2.3109918121948634e-8,7795.130661394116
17.15,2.0148821399789522e-8,7795.180566744645
17.2,1.7565504535582927e-8,7795.228247496232
17.25,1.531416347384973e-8,7795.273802493406
17.3,1.3353010455766936e-8,7795.317326478629
17.35,1.1644230187952108e-8,7795.35891012846
17.4,1.0153979842463492e-8,7795.398640053558
17.45,8.852760512819785e-9,7795.436598933654
17.5,7.717388191318424e-9,7795.4728656603365
17.55,6.727980449926611e-9,7795.507515385284
17.6,5.866299975211283e-9,7795.540620166745
17.65,5.115749715348593e-9,7795.572248994319
17.7,4.461372880123758e-9,7795.602467788966
17.75,3.889917142676674e-9,7795.6313394468825
17.8,3.3909221221549395e-9,7795.658924076619
17.85,2.955918137020568e-9,7795.685278790299
17.9,2.5771019665968586e-9,7795.71045832017
17.95,2.2473098118882142e-9,7795.734515118935
18.0,1.9600172955802913e-9,7795.757499359754
18.05,1.7093394620398947e-9,7795.779458936242
18.1,1.4902075621030824e-9,7795.800439581864
18.15,1.2989195328360345e-9,7795.820484894583
18.2,1.1322392814177306e-9,7795.839636356791
18.25,9.871605170951257e-10,7795.857933776022
18.3,8.609103310963048e-10,7795.87541529524
18.35,7.5094919663049e-10,7795.892117392828
18.4,6.549709688880584e-10,7795.908074882601
18.45,5.709958987198076e-10,7795.923321009731
18.5,4.976551250399297e-10,7795.937887465236
18.55,4.337435767490983e-10,7795.951804358635
18.6,3.78131853528861e-10,7795.965100595911
18.65,3.297693556050649e-10,7795.977803890064
18.7,2.876842837478451e-10,7795.989940761112
18.75,2.509836392716435e-10,7796.001536536092
18.8,2.188605767067052e-10,7796.012615365738
18.85,1.9074660856026504e-10,7796.023200366335
18.9,1.6621748838885256e-10,7796.033313399427
18.95,1.4486494772211986e-10,7796.042975403124
19.0,1.2630487465984128e-10,7796.05220647797
19.05,1.1017731387190582e-10,7796.061025886945
19.1,9.614646659831916e-11,7796.069452055463
19.15,8.390069064920496e-11,7796.0775025713765
19.2,7.315962404381598e-11,7796.0851942083655
19.25,6.375103065608975e-11,7796.092543018984
19.3,5.554074538771265e-11,7796.099564150068
19.35,4.839619423545611e-11,7796.106272126154
19.4,4.2191307510018386e-11,7796.11268089704
19.45,3.6806519836022695e-11,7796.118803837789
19.5,3.2128770152020116e-11,7796.12465374872
19.55,2.805150171048746e-11,7796.130242855423
19.6,2.4474697786873233e-11,7796.135582809008
19.65,2.132887521427403e-11,7796.140684776289
19.7,1.8577543648950034e-11,7796.1455593075325
19.75,1.6180256064370354e-11,7796.1502164396425
19.8,1.409799552082056e-11,7796.154665825112
19.85,1.2293175165402912e-11,7796.158916732026
19.9,1.0729638232036496e-11,7796.162978044062
19.95,9.372658041456763e-12,7796.166858260486
20.0,8.188938001216092e-12,7796.170565496158
20.05,7.146663611719213e-12,7796.174107482158
20.1,6.22684756597537e-12,7796.177491638337
20.15,5.421370627671767e-12,7796.180724948795
20.2,4.719288431885131e-12,7796.183814054641
20.25,4.109855754927819e-12,7796.186765347214
20.3,3.582526514347564e-12,7796.189584968085
20.35,3.1269537689275628e-12,7796.192278809058
20.4,2.7329897186865103e-12,7796.1948525121625
20.45,2.3906857048784085e-12,7796.197311469662
20.5,2.090292209992842e-12,7796.1996608240515
20.55,1.8230701385441304e-12,7796.201905481554
20.6,1.587227408449862e-12,7796.204050142754
20.65,1.3807517380135452e-12,7796.2060991928065
20.7,1.2010162953603712e-12,7796.208056839773
20.75,1.0453759352084874e-12,7796.209927134707
20.8,9.111671988689356e-13,7796.211713971648
20.85,7.957083142456719e-13,7796.213421087631
20.9,6.962991958355708e-13,7796.215052062678
20.95,6.102214447283849e-13,7796.2166103198015
21.0,5.347383486068019e-13,7796.218099125004
21.05,4.671287880915799e-13,7796.219521588572
21.1,4.067019669896724e-13,7796.22088070546
21.15,3.5353631489922976e-13,7796.222179262331
21.2,3.0709877248261053e-13,7796.223419906299
21.25,2.668300524549923e-13,7796.224605189473
21.3,2.3214463958435823e-13,7796.2257375689605
21.35,2.0243079069150103e-13,7796.226819406865
21.4,1.770505346500176e-13,7796.227852970283
21.45,1.5533967238631524e-13,7796.2288404313085
21.5,1.3660777687961526e-13,7796.229783867032
21.55,1.201381931619393e-13,7796.230685259541
21.6,1.0518818302340844e-13,7796.231546495928
21.65,9.156540090484387e-14,7796.232369394254
21.7,7.950569076995807e-14,7796.233155647079
21.75,6.892707733846944e-14,7796.233906844559
21.8,5.973577336055789e-14,7796.234624521873
21.85,5.1826179616865005e-14,7796.235310159223
21.9,4.5080884918496034e-14,7796.235965181834
21.95,3.9370666107016763e-14,7796.236590959954
22.0,3.455448805445609e-14,7796.237188808855
22.05,3.047950366330488e-14,7796.237759988829
22.1,2.6981053866517353e-14,7796.238305705194
22.15,2.3882667627507574e-14,7796.238827108291
22.2,2.09960619401571e-14,7796.239325293481
22.25,1.8272655230578e-14,7796.239801315576
22.3,1.5838577274995368e-14,7796.240256156945
22.35,1.3688937912741812e-14,7796.240690728409
22.4,1.1813974823015152e-14,7796.241105910439
22.45,1.0200076663328965e-14,7796.241502553334
22.5,8.82978306951333e-15,7796.241881477221
22.55,7.681784655714681e-15,7796.242243472056
22.6,6.730923014395119e-15,7796.242589297624
22.65,5.948190716333504e-15,7796.242919683538
22.7,5.30073131062461e-15,7796.243235329239
22.75,4.751839324679692e-15,7796.243536903996
22.8,4.2609602642257445e-15,7796.243825046908
22.85,3.783690613305694e-15,7796.244100366901
22.9,3.297776634151768e-15,7796.244363448438
22.95,2.8529489536231223e-15,7796.244614841217
23.0,2.4548417742621413e-15,7796.244855042367
23.05,2.1041938546772984e-15,7796.245084531885
23.1,1.800717619617621e-15,7796.2453037742425
23.15,1.5430991599726848e-15,7796.2455132183795
23.2,1.3289982327726276e-15,7796.2457132977115
23.25,1.1550482611881279e-15,7796.245904430126
23.3,1.0168563345304025e-15,7796.246087017982
23.35,9.090032082512163e-16,7796.246261448111
23.4,8.250433039430052e-16,7796.246428091817
23.45,7.575047093385608e-16,7796.246587304876
23.5,6.978891783113298e-16,7796.246739427537
23.55,6.366721308752954e-16,7796.246884784522
23.6,5.637286466911469e-16,7796.247023685293
23.65,4.880366732463061e-16,7796.247156428513
23.7,4.1832168590801894e-16,7796.247283278047
23.75,3.553926742718781e-16,7796.24740448117
23.8,2.9981971906756026e-16,7796.247520277784
23.85,2.519339921588303e-16,7796.247630900414
23.9,2.1182775654355584e-16,7796.247736574208
23.95,1.7935436635367027e-16,7796.2478375169385
24.0,1.5412826685521312e-16,7796.247933939003
24.05,1.3552499444832306e-16,7796.24802604342
24.1,1.2268117666722167e-16,7796.248114025834
24.15,1.1449453218018453e-16,7796.248198074513
24.2,1.0962387078965537e-16,7796.248278370349
24.25,1.0648909343209048e-16,7796.2483550868565
24.3,1.0327119217808823e-16,7796.248428390176
24.35,9.791225023231356e-17,7796.2484984390685
24.4,8.814291923225e-17,7796.248565384956
24.45,7.608085484940462e-17,7796.24862937317
24.5,6.454358171068245e-17,7796.248690529248
24.55,5.38100919621593e-17,7796.248748969065
24.6,4.410600392521029e-17,7796.248804805338
24.65,3.560356209650966e-17,7796.24885814763
24.7,2.842163714803128e-17,7796.248909102342
24.75,2.2625725927048693e-17,7796.248957772717
24.8,1.8227951456132536e-17,7796.249004258843
24.85,1.518706293315564e-17,7796.24904865765
24.9,1.3408435731291824e-17,7796.249091062907
24.95,1.2744071399005735e-17,7796.249131565227
25.0,1.2992597660074389e-17,7796.2491702520665
25.05,1.3899268413563394e-17,7796.249207207721
25.1,1.5155963733835065e-17,7796.249242513332
25.15,1.6401189870566033e-17,7796.24927624688
25.2,1.7220079248721005e-17,7796.2493084831885
25.25,1.714439046856276e-17,7796.249339293924
25.3,1.566263706436565e-17,7796.249368747608
25.35,1.3414351462939632e-17,7796.249396908405
25.4,1.1129807813794995e-17,7796.249423829145
25.45,8.903302423674517e-18,7796.249449558707
25.5,6.815328299493591e-18,7796.249474144803
25.55,4.9325751483394624e-18,7796.249497633972
25.6,3.3079293774714643e-18,7796.249520071586
25.65,1.980474094320949e-18,7796.249541501845
25.7,9.754891064917324e-19,7796.249561967778
25.75,3.0445092175901073e-19,7796.249581511249
25.8,-3.496725192980146e-20,7796.249600172944
25.85,-5.889550645507046e-20,7796.249617992387
25.9,2.0273276647613836e-19,7796.249635007926
25.95,7.061808753259591e-19,7796.249651256742
26.0,1.3939088287308559e-18,7796.249666774846
26.05,2.194573335500583e-18,7796.249681597078
26.1,3.0230278046125877e-18,7796.2496957571075
26.15,3.780322345217659e-18,7796.2497092874355
26.2,4.353703766645647e-18,7796.2497222193915
26.25,4.616615578390382e-18,7796.249734583136
26.3,4.428697990114221e-18,7796.24974640766
26.35,3.810322376662205e-18,7796.249757719775
26.4,3.083236455631868e-18,7796.249768539771
26.45,2.3066337604292406e-18,7796.249778885751
26.5,1.5238118891935495e-18,7796.249788775482
26.55,7.725260606637995e-19,7796.249798226386
26.6,8.498911417867809e-20,7796.249807255542
26.65,-5.121284903234166e-19,7796.2498158796825
26.7,-9.976986723043752e-19,7796.249824115194
26.75,-1.356135730626147e-18,7796.2498319781225
26.8,-1.5773963435511238e-18,7796.249839484165
26.85,-1.6569795687418806e-18,7796.249846648675
26.9,-1.5959268432615519e-18,7796.249853486662
26.95,-1.4008219835732092e-18,7796.249860012789
27.0,-1.083791185539706e-18,7796.249866241376
27.05,-6.625030244251607e-19,7796.2498721863985
27.1,-1.601684548932825e-19,7796.2498778614845
27.15,3.9445918899158295e-19,7796.24988327992
27.2,9.670841937649707e-19,7796.249888454644
27.25,1.5178684665629374e-18,7796.249893398252
27.3,2.0014315351186057e-18,7796.249898122996
27.35,2.3668505477694178e-18,7796.2499026407795
27.4,2.5576602734478223e-18,7796.249906963165
27.45,2.5118531016891372e-18,7796.249911101367
27.5,2.1872954391480773e-18,7796.249915065673
27.55,1.6867687801355766e-18,7796.249918861804
27.6,1.0737452022303603e-18,7796.249922495022
27.65,3.947991693630423e-19,7796.249925970738
27.7,-3.0818735935167806e-19,7796.249929294305
27.75,-9.980249296146951e-19,7796.2499324710125
27.8,-1.6422165919427034e-18,7796.24993550609
27.85,-2.2129579016682384e-18,7796.249938404708
27.9,-2.6871369189393275e-18,7796.249941171973
27.95,-3.046334208720159e-18,7796.249943812932
28.0,-3.2768228407904043e-18,7796.249946332569
28.05,-3.3695683897454046e-18,7796.249948735812
28.1,-3.320228934996435e-18,7796.249951027523
28.15,-3.1291550607702067e-18,7796.249953212504
28.2,-2.8013898561104723e-18,7796.249955295498
28.25,-2.346668914874737e-18,7796.249957281184
28.3,-1.7794203357376842e-18,7796.249959174184
28.35,-1.1187647221890347e-18,7796.249960979056
28.4,-3.885151825343468e-19,7796.249962700297
28.45,3.8282267010449383e-19,7796.249964342344
28.5,1.1620507177908319e-18,7796.249965909574
28.55,1.9112783377702742e-18,7796.2499674063
28.6,2.587922402474117e-18,7796.249968836777
28.65,3.1447072795196475e-18,7796.249970205196
28.7,3.5296648317048266e-18,7796.249971515692
28.75,3.686134417015996e-18,7796.249972772333
28.8,3.552762888617933e-18,7796.249973979131
28.85,3.10811190950785e-18,7796.249975138857
28.9,2.543103467564315e-18,7796.249976248936
28.95,1.923638226854387e-18,7796.249977310522
29.0,1.286799050456102e-18,7796.249978325411
29.05,6.651547263803122e-19,7796.249979295363
29.1,8.675996757080571e-20,7796.249980222107
29.15,-4.2484458809569655e-19,7796.249981107338
29.2,-8.506323778097139e-19,7796.249981952715
29.25,-1.1760909138286796e-18,7796.249982759867
29.3,-1.3912217834772497e-18,7796.249983530386
29.35,-1.4905406491472783e-18,7796.2499842658335
29.4,-1.4730772482975367e-18,7796.249984967734
29.45,-1.3423753934535937e-18,7796.249985637582
29.5,-1.1064929722090564e-18,7796.2499862768345
29.55,-7.780019472233818e-19,7796.249986886919
29.6,-3.7398835622479825e-19,7796.249987469226
29.65,8.394768799291222e-20,7796.249988025114
29.7,5.696919975691554e-19,7796.249988555908
29.75,1.0526163095736503e-18,7796.249989062899
29.8,1.4975782860117028e-18,7796.249989547343
29.85,1.8649215138200514e-18,7796.249990010465
29.9,2.110475504870682e-18,7796.249990453455
29.95,2.185555695965081e-18,7796.24999087747
30.0,2.0369634488397234e-18,7796.249991283631
